experiment_name,experiment_id,decision_number,control_timestamp,sensor_timestamp,elapsed_minutes_from_random_start,strategy_day,control_strategy,logical_flap_state,top_inside,top_outside,bottom_inside,bottom_outside,command_sent,decision_reason,is_daytime,temp_difference_black_globe_minus_outdoor_C,radiation_above_threshold,black_globe_hotter_than_outdoor,radiation_threshold_W_m2,temp_difference_threshold_C,PCM_OC25_TEMP_C,PCM_OC17_TEMP_C,TOP_INBOUND_AIR_TEMP_1_C,TOP_INBOUND_AIR_TEMP_2_C,TOP_OUTBOUND_AIR_TEMP_1_C,TOP_OUTBOUND_AIR_TEMP_2_C,BOTTOM_INBOUND_AIR_TEMP_1_C,BOTTOM_INBOUND_AIR_TEMP_2_C,BOTTOM_OUTBOUND_AIR_TEMP_1_C,BOTTOM_OUTBOUND_AIR_TEMP_2_C,REFERENCE_AIR_TEMP_RTD_C,TROMBE_WALL_SURFACE_TEMP_C,CEILING_SURFACE_TEMP_C,LEFT_WALL_SURFACE_TEMP_C,RIGHT_WALL_SURFACE_TEMP_C,REAR_WALL_SURFACE_TEMP_C,FLOOR_SURFACE_TEMP_C,BLACK_GLOBE_TEMP_C,INDOOR_AIR_TEMP_ANALOG_C,INDOOR_RELATIVE_HUMIDITY_ANALOG_PERCENT,OUTDOOR_AIR_TEMP_C,OUTDOOR_RELATIVE_HUMIDITY_PERCENT,SOLAR_RADIATION_VERTICAL_W_M2,INDOOR_TEMP_ANALOG_VOLTAGE_V,INDOOR_RH_ANALOG_VOLTAGE_V,OUTDOOR_TEMP_VOLTAGE_V,OUTDOOR_RH_VOLTAGE_V,PYRANOMETER_VOLTAGE_V,CONDENSATION_DETECTED,CONDENSATION_STATUS
Weekend_Heatwave_June2026,WHJ2026,1,2026-06-26T15:07:10,2026-06-26T13:07:01.725Z,-1012.82,WAITING,SAFE_WAITING,ALL_CLOSED,CLOSED,CLOSED,CLOSED,CLOSED,TRUE,WAITING_FOR_RANDOM_START,TRUE,-11.868,TRUE,FALSE,150,1,23.529,24.198,28.251,28.379,29.821,29.526,27.861,27.56,30.358,28.838,26.888,23.369,23.706,23.438,23.477,23.52,23.316,26.852,30.97,45.01,38.72,21.55,501.42,6.097,4.501,6.872,2.155,3.582,0,dry
Weekend_Heatwave_June2026,WHJ2026,2,2026-06-26T15:17:10,2026-06-26T13:17:08.712Z,-1002.82,WAITING,SAFE_WAITING,ALL_CLOSED,CLOSED,CLOSED,CLOSED,CLOSED,FALSE,NO_CHANGE_WAITING_FOR_RANDOM_START,TRUE,-12.346,TRUE,FALSE,150,1,23.579,24.296,28.363,28.526,29.932,29.608,27.946,27.619,30.476,28.861,26.947,23.412,23.765,23.487,23.529,23.572,23.379,26.904,31.08,45.03,39.25,21.03,487.54,6.108,4.503,6.925,2.103,3.482,0,dry
Weekend_Heatwave_June2026,WHJ2026,3,2026-06-26T15:27:10,2026-06-26T13:27:08.760Z,-992.82,WAITING,SAFE_WAITING,ALL_CLOSED,CLOSED,CLOSED,CLOSED,CLOSED,FALSE,NO_CHANGE_WAITING_FOR_RANDOM_START,TRUE,-12.017,TRUE,FALSE,150,1,23.631,24.398,28.458,28.625,29.906,29.719,28.038,27.678,30.594,28.897,27,23.461,23.824,23.536,23.588,23.621,23.428,26.963,31.06,44.95,38.98,20.9,490.23,6.106,4.495,6.898,2.09,3.502,0,dry
Weekend_Heatwave_June2026,WHJ2026,4,2026-06-26T15:37:10,2026-06-26T13:37:08.797Z,-982.82,WAITING,SAFE_WAITING,ALL_CLOSED,CLOSED,CLOSED,CLOSED,CLOSED,FALSE,NO_CHANGE_WAITING_FOR_RANDOM_START,TRUE,-12.554,TRUE,FALSE,150,1,23.68,24.493,28.549,28.779,29.87,29.795,28.123,27.727,30.689,28.982,27.058,23.513,23.883,23.588,23.638,23.68,23.477,27.016,31.4,45.18,39.57,20.45,486.04,6.14,4.518,6.957,2.045,3.472,0,dry
Weekend_Heatwave_June2026,WHJ2026,5,2026-06-26T15:47:10,2026-06-26T13:47:08.889Z,-972.82,WAITING,SAFE_WAITING,ALL_CLOSED,CLOSED,CLOSED,CLOSED,CLOSED,FALSE,NO_CHANGE_WAITING_FOR_RANDOM_START,TRUE,-12.202,TRUE,FALSE,150,1,23.733,24.594,28.644,28.871,29.811,29.844,28.215,27.786,30.784,29.061,27.121,23.562,23.942,23.647,23.69,23.733,23.529,27.068,31.56,45.28,39.27,21.19,517.08,6.156,4.528,6.927,2.119,3.693,0,dry
Weekend_Heatwave_June2026,WHJ2026,6,2026-06-26T15:57:10,2026-06-26T13:57:10.072Z,-962.82,WAITING,SAFE_WAITING,ALL_CLOSED,CLOSED,CLOSED,CLOSED,CLOSED,FALSE,NO_CHANGE_WAITING_FOR_RANDOM_START,TRUE,-13.343,TRUE,FALSE,150,1,23.782,24.686,28.726,28.998,29.844,29.939,28.3,27.855,30.912,29.129,27.18,23.615,24.001,23.706,23.749,23.792,23.588,27.127,31.71,45.41,40.47,20.02,504.84,6.171,4.541,7.047,2.002,3.606,0,dry
Weekend_Heatwave_June2026,WHJ2026,7,2026-06-26T16:07:10,2026-06-26T14:07:09.025Z,-952.82,WAITING,SAFE_WAITING,ALL_CLOSED,CLOSED,CLOSED,CLOSED,CLOSED,FALSE,NO_CHANGE_WAITING_FOR_RANDOM_START,TRUE,-12.63,TRUE,FALSE,150,1,23.834,24.788,28.812,29.093,29.939,30.027,28.389,27.91,30.928,29.205,27.232,23.664,24.06,23.756,23.798,23.841,23.638,27.19,31.87,45.43,39.82,21.55,505.08,6.187,4.543,6.982,2.155,3.608,0,dry
Weekend_Heatwave_June2026,WHJ2026,8,2026-06-26T16:17:10,2026-06-26T14:17:09.079Z,-942.82,WAITING,SAFE_WAITING,ALL_CLOSED,CLOSED,CLOSED,CLOSED,CLOSED,FALSE,NO_CHANGE_WAITING_FOR_RANDOM_START,TRUE,-11.711,TRUE,FALSE,150,1,23.893,24.883,28.887,29.113,30.008,30.06,28.464,27.969,30.945,29.221,27.291,23.716,24.119,23.808,23.867,23.9,23.697,27.239,32.02,45.53,38.95,21.97,528.85,6.202,4.553,6.895,2.197,3.778,0,dry
Weekend_Heatwave_June2026,WHJ2026,9,2026-06-26T16:27:10,2026-06-26T14:27:09.138Z,-932.82,WAITING,SAFE_WAITING,ALL_CLOSED,CLOSED,CLOSED,CLOSED,CLOSED,FALSE,NO_CHANGE_WAITING_FOR_RANDOM_START,TRUE,-11.842,TRUE,FALSE,150,1,23.952,24.975,28.966,29.172,30.103,30.129,28.549,28.028,31.03,29.198,27.35,23.775,24.172,23.867,23.916,23.952,23.756,27.298,32.21,45.61,39.14,21.99,522.64,6.221,4.561,6.914,2.199,3.733,0,dry
Weekend_Heatwave_June2026,WHJ2026,10,2026-06-26T16:37:10,2026-06-26T14:37:09.199Z,-922.82,WAITING,SAFE_WAITING,ALL_CLOSED,CLOSED,CLOSED,CLOSED,CLOSED,FALSE,NO_CHANGE_WAITING_FOR_RANDOM_START,TRUE,-12.233,TRUE,FALSE,150,1,24.001,25.07,29.034,29.3,30.188,30.204,28.625,28.081,31.079,29.198,27.409,23.824,24.231,23.926,23.985,24.018,23.808,27.357,32.36,45.71,39.59,21.2,510.8,6.236,4.571,6.959,2.12,3.649,0,dry
Weekend_Heatwave_June2026,WHJ2026,11,2026-06-26T16:47:10,2026-06-26T14:47:09.262Z,-912.82,WAITING,SAFE_WAITING,ALL_CLOSED,CLOSED,CLOSED,CLOSED,CLOSED,FALSE,NO_CHANGE_WAITING_FOR_RANDOM_START,TRUE,-11.711,TRUE,FALSE,150,1,24.054,25.155,29.103,29.306,30.257,30.263,28.684,28.13,31.013,29.198,27.468,23.877,24.29,23.978,24.037,24.07,23.867,27.409,32.53,45.78,39.12,21.54,494.87,6.253,4.578,6.912,2.154,3.535,0,dry
Weekend_Heatwave_June2026,WHJ2026,12,2026-06-26T16:57:10,2026-06-26T14:57:09.332Z,-902.82,WAITING,SAFE_WAITING,ALL_CLOSED,CLOSED,CLOSED,CLOSED,CLOSED,FALSE,NO_CHANGE_WAITING_FOR_RANDOM_START,TRUE,-11.822,TRUE,FALSE,150,1,24.113,25.24,29.172,29.3,30.338,30.306,28.753,28.182,31.079,29.188,27.527,23.936,24.355,24.028,24.096,24.129,23.926,27.468,32.69,45.87,39.29,21.52,493.54,6.269,4.587,6.929,2.152,3.525,0,dry
Weekend_Heatwave_June2026,WHJ2026,13,2026-06-26T17:07:10,2026-06-26T15:07:09.402Z,-892.82,WAITING,SAFE_WAITING,ALL_CLOSED,CLOSED,CLOSED,CLOSED,CLOSED,FALSE,NO_CHANGE_WAITING_FOR_RANDOM_START,TRUE,-11.783,TRUE,FALSE,150,1,24.162,25.332,29.247,29.323,30.407,30.381,28.812,28.225,31.079,29.172,27.576,23.985,24.408,24.087,24.155,24.188,23.978,27.527,32.85,45.93,39.31,20.87,486.94,6.285,4.593,6.931,2.087,3.478,0,dry
Weekend_Heatwave_June2026,WHJ2026,14,2026-06-26T17:17:10,2026-06-26T15:17:09.476Z,-882.82,WAITING,SAFE_WAITING,ALL_CLOSED,CLOSED,CLOSED,CLOSED,CLOSED,FALSE,NO_CHANGE_WAITING_FOR_RANDOM_START,TRUE,-11.754,TRUE,FALSE,150,1,24.221,25.407,29.306,29.375,30.483,30.424,28.871,28.268,31.122,29.182,27.635,24.044,24.457,24.146,24.214,24.237,24.037,27.576,33.03,46.01,39.33,20.97,493.78,6.303,4.601,6.933,2.097,3.527,0,dry
Weekend_Heatwave_June2026,WHJ2026,15,2026-06-26T17:27:10,2026-06-26T15:27:09.552Z,-872.82,WAITING,SAFE_WAITING,ALL_CLOSED,CLOSED,CLOSED,CLOSED,CLOSED,FALSE,NO_CHANGE_WAITING_FOR_RANDOM_START,TRUE,-11.305,TRUE,FALSE,150,1,24.273,25.492,29.382,29.483,30.535,30.466,28.929,28.31,31.079,29.188,27.694,24.096,24.516,24.204,24.273,24.296,24.087,27.635,33.2,46.15,38.94,21.55,479.83,6.32,4.615,6.894,2.155,3.427,0,dry
Weekend_Heatwave_June2026,WHJ2026,16,2026-06-26T17:37:10,2026-06-26T15:37:09.619Z,-862.82,WAITING,SAFE_WAITING,ALL_CLOSED,CLOSED,CLOSED,CLOSED,CLOSED,FALSE,NO_CHANGE_WAITING_FOR_RANDOM_START,TRUE,-11.626,TRUE,FALSE,150,1,24.322,25.571,29.424,29.516,30.578,30.509,28.975,28.343,31.112,29.182,27.753,24.155,24.578,24.257,24.332,24.355,24.146,27.694,33.35,46.19,39.32,21.56,465.96,6.335,4.619,6.932,2.156,3.328,0,dry
Weekend_Heatwave_June2026,WHJ2026,17,2026-06-26T17:47:10,2026-06-26T15:47:09.677Z,-852.82,WAITING,SAFE_WAITING,ALL_CLOSED,CLOSED,CLOSED,CLOSED,CLOSED,FALSE,NO_CHANGE_WAITING_FOR_RANDOM_START,TRUE,-11.167,TRUE,FALSE,150,1,24.375,25.646,29.493,29.591,30.62,30.551,29.034,28.389,31.072,29.198,27.802,24.204,24.627,24.306,24.381,24.417,24.204,27.743,33.54,46.27,38.91,22.02,447.42,6.354,4.627,6.891,2.202,3.196,0,dry
Weekend_Heatwave_June2026,WHJ2026,18,2026-06-26T17:57:10,2026-06-26T15:57:09.724Z,-842.82,WAITING,SAFE_WAITING,ALL_CLOSED,CLOSED,CLOSED,CLOSED,CLOSED,FALSE,NO_CHANGE_WAITING_FOR_RANDOM_START,TRUE,-10.818,TRUE,FALSE,150,1,24.434,25.722,29.526,29.618,30.63,30.578,29.07,28.431,31.089,29.182,27.861,24.263,24.67,24.365,24.44,24.467,24.257,27.802,33.7,46.34,38.62,22.25,454.66,6.37,4.634,6.862,2.225,3.248,0,dry
Weekend_Heatwave_June2026,WHJ2026,19,2026-06-26T18:07:10,2026-06-26T16:07:09.762Z,-832.82,WAITING,SAFE_WAITING,ALL_CLOSED,CLOSED,CLOSED,CLOSED,CLOSED,FALSE,NO_CHANGE_WAITING_FOR_RANDOM_START,TRUE,-10.469,TRUE,FALSE,150,1,24.483,25.79,29.585,29.608,30.663,30.604,29.12,28.464,31.095,29.172,27.91,24.316,24.722,24.417,24.499,24.526,24.306,27.861,33.89,46.4,38.33,22.31,453.66,6.389,4.64,6.833,2.231,3.24,0,dry
Weekend_Heatwave_June2026,WHJ2026,20,2026-06-26T18:17:10,2026-06-26T16:17:09.788Z,-822.82,WAITING,SAFE_WAITING,ALL_CLOSED,CLOSED,CLOSED,CLOSED,CLOSED,FALSE,NO_CHANGE_WAITING_FOR_RANDOM_START,TRUE,-9.96,TRUE,FALSE,150,1,24.535,25.859,29.634,29.627,30.673,30.62,29.165,28.5,31.095,29.156,27.969,24.375,24.781,24.467,24.552,24.568,24.365,27.91,34.03,46.47,37.87,25.35,447.44,6.403,4.647,6.787,2.535,3.196,0,dry
Weekend_Heatwave_June2026,WHJ2026,21,2026-06-26T18:27:10,2026-06-26T16:27:09.815Z,-812.82,WAITING,SAFE_WAITING,ALL_CLOSED,CLOSED,CLOSED,CLOSED,CLOSED,FALSE,NO_CHANGE_WAITING_FOR_RANDOM_START,TRUE,-10.087,TRUE,FALSE,150,1,24.585,25.918,29.683,29.778,30.689,30.637,29.205,28.533,31.072,29.156,28.022,24.424,24.824,24.526,24.601,24.627,24.417,27.963,34.19,46.5,38.05,24.4,414.76,6.419,4.65,6.805,2.44,2.963,0,dry
Weekend_Heatwave_June2026,WHJ2026,22,2026-06-26T18:37:10,2026-06-26T16:37:09.868Z,-802.82,WAITING,SAFE_WAITING,ALL_CLOSED,CLOSED,CLOSED,CLOSED,CLOSED,FALSE,NO_CHANGE_WAITING_FOR_RANDOM_START,TRUE,-9.908,TRUE,FALSE,150,1,24.627,25.977,29.719,29.837,30.683,30.637,29.247,28.559,31.063,29.146,28.071,24.476,24.873,24.568,24.66,24.68,24.457,28.022,34.35,46.56,37.93,23.12,426.16,6.435,4.656,6.793,2.312,3.044,0,dry
Weekend_Heatwave_June2026,WHJ2026,23,2026-06-26T18:47:10,2026-06-26T16:47:09.904Z,-792.82,WAITING,SAFE_WAITING,ALL_CLOSED,CLOSED,CLOSED,CLOSED,CLOSED,FALSE,NO_CHANGE_WAITING_FOR_RANDOM_START,TRUE,-9.556,TRUE,FALSE,150,1,24.68,26.036,29.762,29.88,30.683,30.62,29.28,28.592,31.03,29.129,28.123,24.526,24.916,24.617,24.703,24.729,24.509,28.064,34.49,46.62,37.62,25.37,421.57,6.449,4.662,6.762,2.537,3.011,0,dry
Weekend_Heatwave_June2026,WHJ2026,24,2026-06-26T18:57:10,2026-06-26T16:57:09.918Z,-782.82,WAITING,SAFE_WAITING,ALL_CLOSED,CLOSED,CLOSED,CLOSED,CLOSED,FALSE,NO_CHANGE_WAITING_FOR_RANDOM_START,TRUE,-9.316,TRUE,FALSE,150,1,24.722,26.089,29.795,29.896,30.673,30.62,29.316,28.625,31.02,29.103,28.173,24.578,24.968,24.67,24.755,24.781,24.558,28.114,34.65,46.67,37.43,26,409.76,6.465,4.667,6.743,2.6,2.927,0,dry
Weekend_Heatwave_June2026,WHJ2026,25,2026-06-26T19:07:10,2026-06-26T17:07:10.091Z,-772.82,WAITING,SAFE_WAITING,ALL_CLOSED,CLOSED,CLOSED,CLOSED,CLOSED,FALSE,NO_CHANGE_WAITING_FOR_RANDOM_START,TRUE,-9.074,TRUE,FALSE,150,1,24.762,26.131,29.821,29.88,30.63,30.604,29.349,28.644,30.977,29.07,28.215,24.627,25.001,24.722,24.798,24.83,24.601,28.156,34.8,46.74,37.23,24.56,387.09,6.48,4.674,6.723,2.456,2.765,0,dry
Weekend_Heatwave_June2026,WHJ2026,26,2026-06-26T19:17:10,2026-06-26T17:17:10.434Z,-762.82,WAITING,SAFE_WAITING,ALL_CLOSED,CLOSED,CLOSED,CLOSED,CLOSED,FALSE,NO_CHANGE_WAITING_FOR_RANDOM_START,TRUE,-8.165,TRUE,FALSE,150,1,24.804,26.174,29.837,29.87,30.62,30.587,29.375,28.677,30.918,29.018,28.258,24.68,25.043,24.762,24.84,24.873,24.653,28.205,34.92,46.75,36.37,28.91,340.54,6.492,4.675,6.637,2.891,2.432,0,dry
Weekend_Heatwave_June2026,WHJ2026,27,2026-06-26T19:27:10,2026-06-26T17:27:10.697Z,-752.82,WAITING,SAFE_WAITING,ALL_CLOSED,CLOSED,CLOSED,CLOSED,CLOSED,FALSE,NO_CHANGE_WAITING_FOR_RANDOM_START,TRUE,-7.489,TRUE,FALSE,150,1,24.847,26.216,29.844,29.863,30.594,30.551,29.398,28.694,30.859,28.949,28.3,24.722,25.076,24.804,24.883,24.916,24.696,28.251,34.77,46.71,35.74,31.49,337,6.477,4.671,6.574,3.149,2.407,0,dry
Weekend_Heatwave_June2026,WHJ2026,28,2026-06-26T19:37:10,2026-06-26T17:37:05.867Z,-742.82,WAITING,SAFE_WAITING,ALL_CLOSED,CLOSED,CLOSED,CLOSED,CLOSED,FALSE,NO_CHANGE_WAITING_FOR_RANDOM_START,TRUE,-6.836,TRUE,FALSE,150,1,24.883,26.249,29.854,29.854,30.568,30.499,29.414,28.71,30.778,28.871,28.343,24.762,25.112,24.847,24.916,24.958,24.739,28.284,35.18,46.81,35.12,32.93,333.56,6.518,4.681,6.512,3.293,2.383,0,dry
Weekend_Heatwave_June2026,WHJ2026,29,2026-06-26T19:47:10,2026-06-26T17:47:06.044Z,-732.82,WAITING,SAFE_WAITING,ALL_CLOSED,CLOSED,CLOSED,CLOSED,CLOSED,FALSE,NO_CHANGE_WAITING_FOR_RANDOM_START,TRUE,-6.163,TRUE,FALSE,150,1,24.916,26.275,29.837,29.827,30.499,30.44,29.441,28.726,30.699,28.785,28.379,24.804,25.145,24.889,24.948,24.991,24.781,28.327,35.3,46.83,34.49,34.63,332.96,6.53,4.683,6.449,3.463,2.378,0,dry
Weekend_Heatwave_June2026,WHJ2026,30,2026-06-26T19:57:10,2026-06-26T17:57:06.227Z,-722.82,WAITING,SAFE_WAITING,ALL_CLOSED,CLOSED,CLOSED,CLOSED,CLOSED,FALSE,NO_CHANGE_WAITING_FOR_RANDOM_START,TRUE,-5.677,TRUE,FALSE,150,1,24.948,26.298,29.863,29.811,30.424,30.381,29.45,28.736,30.594,28.71,28.415,24.847,25.171,24.925,24.984,25.033,24.814,28.363,35.43,46.91,34.04,34.29,346.05,6.543,4.691,6.404,3.429,2.472,0,dry
Weekend_Heatwave_June2026,WHJ2026,31,2026-06-26T20:07:10,2026-06-26T18:07:06.421Z,-712.82,WAITING,SAFE_WAITING,ALL_CLOSED,CLOSED,CLOSED,CLOSED,CLOSED,FALSE,NO_CHANGE_WAITING_FOR_RANDOM_START,FALSE,-5.635,TRUE,FALSE,150,1,24.975,26.308,29.88,29.827,30.375,30.332,29.45,28.743,30.535,28.644,28.458,24.889,25.204,24.958,25.017,25.07,24.857,28.395,35.54,46.93,34.03,35.27,353.42,6.554,4.693,6.403,3.527,2.524,0,dry
Weekend_Heatwave_June2026,WHJ2026,32,2026-06-26T20:17:10,2026-06-26T18:17:06.605Z,-702.82,WAITING,SAFE_WAITING,ALL_CLOSED,CLOSED,CLOSED,CLOSED,CLOSED,FALSE,NO_CHANGE_WAITING_FOR_RANDOM_START,FALSE,-5.199,TRUE,FALSE,150,1,25.001,26.318,29.89,29.896,30.306,30.283,29.457,28.743,30.466,28.592,28.484,24.932,25.23,24.991,25.043,25.102,24.889,28.431,35.66,46.97,33.63,37.05,338.92,6.566,4.697,6.363,3.705,2.421,0,dry
Weekend_Heatwave_June2026,WHJ2026,33,2026-06-26T20:27:10,2026-06-26T18:27:06.808Z,-692.82,WAITING,SAFE_WAITING,ALL_CLOSED,CLOSED,CLOSED,CLOSED,CLOSED,FALSE,NO_CHANGE_WAITING_FOR_RANDOM_START,FALSE,-4.596,TRUE,FALSE,150,1,25.027,26.325,29.89,29.89,30.247,30.214,29.457,28.743,30.381,28.543,28.517,24.968,25.263,25.027,25.076,25.135,24.925,28.464,35.74,47,33.06,37.57,337.23,6.574,4.7,6.306,3.757,2.409,0,dry
Weekend_Heatwave_June2026,WHJ2026,34,2026-06-26T20:37:10,2026-06-26T18:37:07.010Z,-682.82,WAITING,SAFE_WAITING,ALL_CLOSED,CLOSED,CLOSED,CLOSED,CLOSED,FALSE,NO_CHANGE_WAITING_FOR_RANDOM_START,FALSE,-4.12,TRUE,FALSE,150,1,25.053,26.334,29.87,29.88,30.188,30.148,29.457,28.743,30.306,28.474,28.543,24.991,25.283,25.06,25.102,25.161,24.958,28.49,35.85,47.02,32.61,38.81,329.45,6.585,4.702,6.261,3.881,2.353,0,dry
Weekend_Heatwave_June2026,WHJ2026,35,2026-06-26T20:47:10,2026-06-26T18:47:07.229Z,-672.82,WAITING,SAFE_WAITING,ALL_CLOSED,CLOSED,CLOSED,CLOSED,CLOSED,FALSE,NO_CHANGE_WAITING_FOR_RANDOM_START,FALSE,-3.933,TRUE,FALSE,150,1,25.07,26.334,29.854,29.87,30.129,30.086,29.45,28.743,30.23,28.405,28.566,25.033,25.305,25.086,25.129,25.187,24.984,28.517,35.94,47.02,32.45,37.48,329.07,6.594,4.702,6.245,3.748,2.35,0,dry
Weekend_Heatwave_June2026,WHJ2026,36,2026-06-26T20:57:10,2026-06-26T18:57:07.442Z,-662.82,WAITING,SAFE_WAITING,ALL_CLOSED,CLOSED,CLOSED,CLOSED,CLOSED,FALSE,NO_CHANGE_WAITING_FOR_RANDOM_START,FALSE,-3.557,TRUE,FALSE,150,1,25.096,26.325,29.827,29.854,30.076,30.044,29.441,28.726,30.155,28.336,28.592,25.06,25.315,25.102,25.145,25.214,25.011,28.543,35.82,46.9,32.1,37.79,328.3,6.582,4.69,6.21,3.779,2.345,0,dry
Weekend_Heatwave_June2026,WHJ2026,37,2026-06-26T21:07:10,2026-06-26T19:07:07.664Z,-652.82,WAITING,SAFE_WAITING,ALL_CLOSED,CLOSED,CLOSED,CLOSED,CLOSED,FALSE,NO_CHANGE_WAITING_FOR_RANDOM_START,FALSE,-3.211,TRUE,FALSE,150,1,25.112,26.325,29.811,29.827,30.027,29.991,29.434,28.72,30.086,28.274,28.608,25.096,25.332,25.129,25.171,25.24,25.033,28.559,36.09,47.09,31.77,38.26,324.48,6.609,4.709,6.177,3.826,2.318,0,dry
Weekend_Heatwave_June2026,WHJ2026,38,2026-06-26T21:17:10,2026-06-26T19:17:07.896Z,-642.82,WAITING,SAFE_WAITING,ALL_CLOSED,CLOSED,CLOSED,CLOSED,CLOSED,FALSE,NO_CHANGE_WAITING_FOR_RANDOM_START,FALSE,-3.035,TRUE,FALSE,150,1,25.129,26.318,29.785,29.811,29.958,29.939,29.414,28.7,30.017,28.205,28.625,25.112,25.348,25.155,25.187,25.263,25.06,28.585,36.19,47.11,31.62,37.64,324.97,6.619,4.711,6.162,3.764,2.321,0,dry
Weekend_Heatwave_June2026,WHJ2026,39,2026-06-26T21:27:10,2026-06-26T19:27:08.120Z,-632.82,WAITING,SAFE_WAITING,ALL_CLOSED,CLOSED,CLOSED,CLOSED,CLOSED,FALSE,NO_CHANGE_WAITING_FOR_RANDOM_START,FALSE,-2.688,TRUE,FALSE,150,1,25.145,26.308,29.762,29.795,29.912,29.89,29.398,28.684,29.958,28.156,28.644,25.135,25.364,25.171,25.214,25.283,25.086,28.602,36.24,47.11,31.29,37.69,323.56,6.624,4.711,6.129,3.769,2.311,0,dry
Weekend_Heatwave_June2026,WHJ2026,40,2026-06-26T21:37:10,2026-06-26T19:37:08.347Z,-622.82,WAITING,SAFE_WAITING,ALL_CLOSED,CLOSED,CLOSED,CLOSED,CLOSED,FALSE,NO_CHANGE_WAITING_FOR_RANDOM_START,FALSE,-2.512,TRUE,FALSE,150,1,25.155,26.298,29.736,29.768,29.863,29.844,29.382,28.661,29.896,28.097,28.661,25.161,25.384,25.197,25.22,25.299,25.102,28.618,36.31,47.11,31.13,38.32,325.78,6.631,4.711,6.113,3.832,2.327,0,dry
Weekend_Heatwave_June2026,WHJ2026,41,2026-06-26T21:47:10,2026-06-26T19:47:08.587Z,-612.82,WAITING,SAFE_WAITING,ALL_CLOSED,CLOSED,CLOSED,CLOSED,CLOSED,FALSE,NO_CHANGE_WAITING_FOR_RANDOM_START,FALSE,-2.275,TRUE,FALSE,150,1,25.171,26.282,29.719,29.762,29.811,29.785,29.365,28.635,29.837,28.038,28.677,25.187,25.391,25.204,25.24,25.315,25.119,28.635,36.38,47.13,30.91,39.4,323.49,6.638,4.713,6.091,3.94,2.311,0,dry
Weekend_Heatwave_June2026,WHJ2026,42,2026-06-26T21:57:10,2026-06-26T19:57:08.829Z,-602.82,WAITING,SAFE_WAITING,ALL_CLOSED,CLOSED,CLOSED,CLOSED,CLOSED,FALSE,NO_CHANGE_WAITING_FOR_RANDOM_START,FALSE,-2.036,TRUE,FALSE,150,1,25.178,26.275,29.693,29.742,29.762,29.742,29.339,28.608,29.768,27.989,28.684,25.204,25.4,25.22,25.246,25.332,25.135,28.644,36.41,47.13,30.68,39.42,322.08,6.641,4.713,6.068,3.942,2.301,0,dry
Weekend_Heatwave_June2026,WHJ2026,43,2026-06-26T22:07:10,2026-06-26T20:07:09.072Z,-592.82,WAITING,SAFE_WAITING,ALL_CLOSED,CLOSED,CLOSED,CLOSED,CLOSED,FALSE,NO_CHANGE_WAITING_FOR_RANDOM_START,FALSE,-1.769,TRUE,FALSE,150,1,25.187,26.256,29.677,29.736,29.719,29.703,29.316,28.585,29.726,27.93,28.694,25.22,25.417,25.24,25.263,25.341,25.155,28.661,36.46,47.1,30.43,40.3,325.4,6.646,4.71,6.043,4.03,2.324,0,dry
Weekend_Heatwave_June2026,WHJ2026,44,2026-06-26T22:17:10,2026-06-26T20:17:09.338Z,-582.82,WAITING,SAFE_WAITING,ALL_CLOSED,CLOSED,CLOSED,CLOSED,CLOSED,FALSE,NO_CHANGE_WAITING_FOR_RANDOM_START,FALSE,-1.623,TRUE,FALSE,150,1,25.197,26.249,29.65,29.719,29.66,29.65,29.29,28.559,29.667,27.878,28.71,25.24,25.427,25.246,25.273,25.348,25.161,28.667,36.5,47.07,30.29,40.54,321.32,6.65,4.707,6.029,4.054,2.295,0,dry
Weekend_Heatwave_June2026,WHJ2026,45,2026-06-26T22:27:10,2026-06-26T20:27:09.609Z,-572.82,WAITING,SAFE_WAITING,ALL_CLOSED,CLOSED,CLOSED,CLOSED,CLOSED,FALSE,NO_CHANGE_WAITING_FOR_RANDOM_START,FALSE,-1.483,TRUE,FALSE,150,1,25.204,26.223,29.634,29.703,29.608,29.608,29.264,28.533,29.618,27.829,28.71,25.246,25.427,25.256,25.289,25.358,25.178,28.677,36.52,47.02,30.16,40.42,323.52,6.652,4.702,6.016,4.042,2.311,0,dry
Weekend_Heatwave_June2026,WHJ2026,46,2026-06-26T22:37:10,2026-06-26T20:37:09.833Z,-562.82,WAITING,SAFE_WAITING,ALL_CLOSED,CLOSED,CLOSED,CLOSED,CLOSED,FALSE,NO_CHANGE_WAITING_FOR_RANDOM_START,FALSE,-1.286,TRUE,FALSE,150,1,25.214,26.216,29.608,29.693,29.575,29.568,29.241,28.5,29.559,27.77,28.72,25.263,25.433,25.263,25.289,25.364,25.187,28.684,36.57,46.98,29.97,40.24,320.8,6.657,4.698,5.997,4.024,2.291,0,dry
Weekend_Heatwave_June2026,WHJ2026,47,2026-06-26T22:47:10,2026-06-26T20:47:10.024Z,-552.82,WAITING,SAFE_WAITING,ALL_CLOSED,CLOSED,CLOSED,CLOSED,CLOSED,FALSE,NO_CHANGE_WAITING_FOR_RANDOM_START,FALSE,-1.096,TRUE,FALSE,150,1,25.214,26.19,29.585,29.683,29.532,29.532,29.205,28.474,29.5,27.717,28.72,25.273,25.433,25.273,25.299,25.374,25.187,28.684,36.57,46.88,29.78,40.54,322.23,6.657,4.688,5.978,4.054,2.302,0,dry
Weekend_Heatwave_June2026,WHJ2026,48,2026-06-26T22:57:10,2026-06-26T20:57:10.216Z,-542.82,WAITING,SAFE_WAITING,ALL_CLOSED,CLOSED,CLOSED,CLOSED,CLOSED,FALSE,NO_CHANGE_WAITING_FOR_RANDOM_START,FALSE,-0.916,TRUE,FALSE,150,1,25.22,26.174,29.559,29.677,29.493,29.5,29.188,28.448,29.45,27.661,28.726,25.283,25.433,25.283,25.305,25.374,25.197,28.694,36.59,46.85,29.61,40.41,321.36,6.659,4.685,5.961,4.041,2.295,0,dry
Weekend_Heatwave_June2026,WHJ2026,49,2026-06-26T23:07:10,2026-06-26T21:07:10.425Z,-532.82,WAITING,SAFE_WAITING,ALL_CLOSED,CLOSED,CLOSED,CLOSED,CLOSED,FALSE,NO_CHANGE_WAITING_FOR_RANDOM_START,FALSE,-0.646,TRUE,FALSE,150,1,25.22,26.154,29.532,29.66,29.45,29.467,29.156,28.415,29.398,27.609,28.726,25.289,25.443,25.283,25.305,25.384,25.197,28.694,36.59,46.5,29.34,40.59,324.11,6.659,4.65,5.934,4.059,2.315,0,dry
Weekend_Heatwave_June2026,WHJ2026,50,2026-06-26T23:17:10,2026-06-26T21:17:10.625Z,-522.82,WAITING,SAFE_WAITING,ALL_CLOSED,CLOSED,CLOSED,CLOSED,CLOSED,FALSE,NO_CHANGE_WAITING_FOR_RANDOM_START,FALSE,-0.456,TRUE,FALSE,150,1,25.22,26.138,29.516,29.644,29.414,29.434,29.129,28.389,29.349,27.56,28.726,25.299,25.443,25.283,25.305,25.384,25.197,28.694,36.59,46.52,29.15,40.9,325.99,6.659,4.652,5.915,4.09,2.329,0,dry
Weekend_Heatwave_June2026,WHJ2026,51,2026-06-26T23:27:10,2026-06-26T21:27:10.834Z,-512.82,WAITING,SAFE_WAITING,ALL_CLOSED,CLOSED,CLOSED,CLOSED,CLOSED,FALSE,NO_CHANGE_WAITING_FOR_RANDOM_START,FALSE,-0.196,TRUE,FALSE,150,1,25.22,26.112,29.493,29.627,29.382,29.398,29.093,28.363,29.306,27.517,28.726,25.305,25.443,25.283,25.305,25.384,25.197,28.694,36.58,46.35,28.89,40.47,326.44,6.658,4.635,5.889,4.047,2.332,0,dry
Weekend_Heatwave_June2026,WHJ2026,52,2026-06-26T23:37:10,2026-06-26T21:37:05.016Z,-502.82,WAITING,SAFE_WAITING,ALL_CLOSED,CLOSED,CLOSED,CLOSED,CLOSED,FALSE,NO_CHANGE_WAITING_FOR_RANDOM_START,FALSE,-0.056,TRUE,FALSE,150,1,25.214,26.095,29.467,29.601,29.339,29.365,29.07,28.327,29.264,27.491,28.726,25.305,25.433,25.283,25.305,25.384,25.187,28.694,36.58,46.21,28.75,40.96,326.66,6.658,4.621,5.875,4.096,2.333,0,dry
Weekend_Heatwave_June2026,WHJ2026,53,2026-06-26T23:47:10,2026-06-26T21:47:05.156Z,-492.82,WAITING,SAFE_WAITING,ALL_CLOSED,CLOSED,CLOSED,CLOSED,CLOSED,FALSE,NO_CHANGE_WAITING_FOR_RANDOM_START,FALSE,0.234,TRUE,FALSE,150,1,25.214,26.079,29.441,29.575,29.3,29.339,29.025,28.294,29.205,27.432,28.72,25.305,25.433,25.283,25.305,25.384,25.187,28.694,36.57,46,28.46,42.45,324.48,6.657,4.6,5.846,4.245,2.318,0,dry
Weekend_Heatwave_June2026,WHJ2026,54,2026-06-26T23:57:10,2026-06-26T21:57:05.297Z,-482.82,WAITING,SAFE_WAITING,ALL_CLOSED,CLOSED,CLOSED,CLOSED,CLOSED,FALSE,NO_CHANGE_WAITING_FOR_RANDOM_START,FALSE,0.294,TRUE,FALSE,150,1,25.204,26.053,29.398,29.559,29.264,29.306,28.998,28.268,29.156,27.399,28.72,25.315,25.427,25.283,25.305,25.384,25.178,28.684,36.53,45.86,28.39,42.5,322.04,6.653,4.586,5.839,4.25,2.3,0,dry
Weekend_Heatwave_June2026,WHJ2026,55,2026-06-27T00:07:10,2026-06-26T22:07:05.428Z,-472.82,WAITING,SAFE_WAITING,ALL_CLOSED,CLOSED,CLOSED,CLOSED,CLOSED,FALSE,NO_CHANGE_WAITING_FOR_RANDOM_START,FALSE,0.314,TRUE,FALSE,150,1,25.204,26.026,29.382,29.532,29.231,29.274,28.966,28.241,29.12,27.357,28.72,25.315,25.417,25.273,25.305,25.374,25.178,28.684,36.51,45.76,28.37,42.7,322.73,6.651,4.576,5.837,4.27,2.305,0,dry
Weekend_Heatwave_June2026,WHJ2026,56,2026-06-27T00:17:10,2026-06-26T22:17:05.565Z,-462.82,WAITING,SAFE_WAITING,ALL_CLOSED,CLOSED,CLOSED,CLOSED,CLOSED,FALSE,NO_CHANGE_WAITING_FOR_RANDOM_START,FALSE,0.667,TRUE,FALSE,150,1,25.197,26.01,29.349,29.516,29.198,29.241,28.939,28.205,29.087,27.314,28.71,25.315,25.407,25.273,25.299,25.364,25.171,28.677,36.48,45.62,28.01,42.88,326.12,6.648,4.562,5.801,4.288,2.329,0,dry
Weekend_Heatwave_June2026,WHJ2026,57,2026-06-27T00:27:10,2026-06-26T22:27:05.694Z,-452.82,WAITING,SAFE_WAITING,ALL_CLOSED,CLOSED,CLOSED,CLOSED,CLOSED,FALSE,NO_CHANGE_WAITING_FOR_RANDOM_START,FALSE,0.927,TRUE,FALSE,150,1,25.187,25.987,29.323,29.493,29.156,29.205,28.913,28.173,29.051,27.291,28.7,25.315,25.4,25.263,25.289,25.364,25.155,28.667,36.45,45.44,27.74,43.48,326.14,6.645,4.544,5.774,4.348,2.33,0,dry
Weekend_Heatwave_June2026,WHJ2026,58,2026-06-27T00:37:10,2026-06-26T22:37:05.838Z,-442.82,WAITING,SAFE_WAITING,ALL_CLOSED,CLOSED,CLOSED,CLOSED,CLOSED,FALSE,NO_CHANGE_WAITING_FOR_RANDOM_START,FALSE,1.021,TRUE,TRUE,150,1,25.178,25.967,29.3,29.467,29.113,29.172,28.88,28.156,29.008,27.255,28.694,25.305,25.4,25.256,25.283,25.358,25.145,28.661,36.41,45.3,27.64,43.94,323.88,6.641,4.53,5.764,4.394,2.313,0,dry
Weekend_Heatwave_June2026,WHJ2026,59,2026-06-27T00:47:10,2026-06-26T22:47:05.965Z,-432.82,WAITING,SAFE_WAITING,ALL_CLOSED,CLOSED,CLOSED,CLOSED,CLOSED,FALSE,NO_CHANGE_WAITING_FOR_RANDOM_START,FALSE,1.091,TRUE,TRUE,150,1,25.171,25.944,29.264,29.434,29.07,29.129,28.854,28.123,28.966,27.232,28.684,25.305,25.384,25.246,25.283,25.348,25.135,28.651,36.38,45.23,27.56,44.4,321.4,6.638,4.523,5.756,4.44,2.296,0,dry
Weekend_Heatwave_June2026,WHJ2026,60,2026-06-27T00:57:10,2026-06-26T22:57:06.088Z,-422.82,WAITING,SAFE_WAITING,ALL_CLOSED,CLOSED,CLOSED,CLOSED,CLOSED,FALSE,NO_CHANGE_WAITING_FOR_RANDOM_START,FALSE,1.254,TRUE,TRUE,150,1,25.155,25.925,29.221,29.398,29.025,29.087,28.812,28.087,28.913,27.18,28.677,25.299,25.364,25.246,25.273,25.341,25.119,28.644,36.32,45.14,27.39,44.62,318.97,6.632,4.514,5.739,4.462,2.278,0,dry
Weekend_Heatwave_June2026,WHJ2026,61,2026-06-27T01:07:10,2026-06-26T23:07:06.203Z,-412.82,WAITING,SAFE_WAITING,ALL_CLOSED,CLOSED,CLOSED,CLOSED,CLOSED,FALSE,NO_CHANGE_WAITING_FOR_RANDOM_START,FALSE,1.505,TRUE,TRUE,150,1,25.145,25.902,29.188,29.365,28.982,29.044,28.785,28.064,28.871,27.137,28.661,25.289,25.358,25.23,25.256,25.332,25.112,28.635,36.29,45.11,27.13,46.21,317.94,6.629,4.511,5.713,4.621,2.271,0,dry
Weekend_Heatwave_June2026,WHJ2026,62,2026-06-27T01:17:10,2026-06-26T23:17:06.314Z,-402.82,WAITING,SAFE_WAITING,ALL_CLOSED,CLOSED,CLOSED,CLOSED,CLOSED,FALSE,NO_CHANGE_WAITING_FOR_RANDOM_START,FALSE,1.545,TRUE,TRUE,150,1,25.129,25.876,29.146,29.333,28.939,29.008,28.753,28.028,28.818,27.085,28.651,25.289,25.348,25.22,25.246,25.315,25.102,28.625,36.24,45,27.08,46.25,316.7,6.624,4.5,5.708,4.625,2.262,0,dry
Weekend_Heatwave_June2026,WHJ2026,63,2026-06-27T01:27:10,2026-06-26T23:27:06.423Z,-392.82,WAITING,SAFE_WAITING,ALL_CLOSED,CLOSED,CLOSED,CLOSED,CLOSED,FALSE,NO_CHANGE_WAITING_FOR_RANDOM_START,FALSE,1.658,TRUE,TRUE,150,1,25.112,25.849,29.113,29.306,28.913,28.966,28.72,27.996,28.779,27.042,28.635,25.283,25.341,25.214,25.24,25.305,25.096,28.608,36.21,44.88,26.95,46.61,317.73,6.621,4.488,5.695,4.661,2.269,0,dry
Weekend_Heatwave_June2026,WHJ2026,64,2026-06-27T01:37:10,2026-06-26T23:37:06.519Z,-382.82,WAITING,SAFE_WAITING,ALL_CLOSED,CLOSED,CLOSED,CLOSED,CLOSED,FALSE,NO_CHANGE_WAITING_FOR_RANDOM_START,FALSE,1.972,TRUE,TRUE,150,1,25.102,25.823,29.087,29.274,28.871,28.929,28.694,27.969,28.726,26.99,28.625,25.263,25.322,25.197,25.22,25.299,25.076,28.592,35.92,44.59,26.62,47.04,318.64,6.592,4.459,5.662,4.704,2.276,0,dry
Weekend_Heatwave_June2026,WHJ2026,65,2026-06-27T01:47:10,2026-06-26T23:47:06.601Z,-372.82,WAITING,SAFE_WAITING,ALL_CLOSED,CLOSED,CLOSED,CLOSED,CLOSED,FALSE,NO_CHANGE_WAITING_FOR_RANDOM_START,FALSE,2.195,TRUE,TRUE,150,1,25.086,25.8,29.051,29.241,28.838,28.887,28.661,27.937,28.684,26.957,28.608,25.256,25.305,25.187,25.214,25.283,25.06,28.585,36.08,44.53,26.39,47.18,316.53,6.608,4.453,5.639,4.718,2.261,0,dry
Weekend_Heatwave_June2026,WHJ2026,66,2026-06-27T01:57:10,2026-06-26T23:57:06.679Z,-362.82,WAITING,SAFE_WAITING,ALL_CLOSED,CLOSED,CLOSED,CLOSED,CLOSED,FALSE,NO_CHANGE_WAITING_FOR_RANDOM_START,FALSE,2.286,TRUE,TRUE,150,1,25.07,25.774,29.018,29.198,28.795,28.844,28.625,27.904,28.618,26.904,28.602,25.246,25.289,25.171,25.197,25.273,25.043,28.566,35.74,44.5,26.28,47.84,314.74,6.574,4.45,5.628,4.784,2.248,0,dry
Weekend_Heatwave_June2026,WHJ2026,67,2026-06-27T02:07:11,2026-06-27T00:07:06.752Z,-352.82,WAITING,SAFE_WAITING,ALL_CLOSED,CLOSED,CLOSED,CLOSED,CLOSED,FALSE,NO_CHANGE_WAITING_FOR_RANDOM_START,FALSE,2.169,TRUE,TRUE,150,1,25.053,25.758,28.982,29.182,28.759,28.812,28.592,27.871,28.592,26.888,28.585,25.24,25.283,25.155,25.178,25.256,25.027,28.549,35.99,44.41,26.38,47.83,315.29,6.599,4.441,5.638,4.783,2.252,0,dry
Weekend_Heatwave_June2026,WHJ2026,68,2026-06-27T02:17:11,2026-06-27T00:17:06.822Z,-342.82,WAITING,SAFE_WAITING,ALL_CLOSED,CLOSED,CLOSED,CLOSED,CLOSED,FALSE,NO_CHANGE_WAITING_FOR_RANDOM_START,FALSE,2.183,TRUE,TRUE,150,1,25.027,25.731,28.956,29.146,28.72,28.779,28.559,27.845,28.559,26.852,28.566,25.22,25.256,25.145,25.171,25.24,25.011,28.533,35.78,44.25,26.35,47.94,318.28,6.578,4.425,5.635,4.794,2.273,0,dry
Weekend_Heatwave_June2026,WHJ2026,69,2026-06-27T02:27:11,2026-06-27T00:27:07.078Z,-332.82,WAITING,SAFE_WAITING,ALL_CLOSED,CLOSED,CLOSED,CLOSED,CLOSED,FALSE,NO_CHANGE_WAITING_FOR_RANDOM_START,FALSE,2.497,TRUE,TRUE,150,1,25.011,25.695,28.929,29.113,28.694,28.743,28.533,27.812,28.543,26.846,28.549,25.204,25.246,25.119,25.155,25.22,24.991,28.517,35.86,44.07,26.02,48.93,315.4,6.586,4.407,5.602,4.893,2.253,0,dry
Weekend_Heatwave_June2026,WHJ2026,70,2026-06-27T02:37:11,2026-06-27T00:37:06.925Z,-322.82,WAITING,SAFE_WAITING,ALL_CLOSED,CLOSED,CLOSED,CLOSED,CLOSED,FALSE,NO_CHANGE_WAITING_FOR_RANDOM_START,FALSE,2.68,TRUE,TRUE,150,1,24.991,25.679,28.897,29.077,28.651,28.7,28.5,27.786,28.5,26.787,28.533,25.187,25.22,25.112,25.129,25.204,24.968,28.5,35.8,43.98,25.82,49.53,314.76,6.58,4.398,5.582,4.953,2.248,0,dry
Weekend_Heatwave_June2026,WHJ2026,71,2026-06-27T02:47:11,2026-06-27T00:47:06.965Z,-312.82,WAITING,SAFE_WAITING,ALL_CLOSED,CLOSED,CLOSED,CLOSED,CLOSED,FALSE,NO_CHANGE_WAITING_FOR_RANDOM_START,FALSE,2.764,TRUE,TRUE,150,1,24.975,25.656,28.871,29.051,28.618,28.661,28.464,27.76,28.464,26.76,28.517,25.178,25.204,25.096,25.119,25.187,24.948,28.484,35.72,43.76,25.72,49.91,317.28,6.572,4.376,5.572,4.991,2.266,0,dry
Weekend_Heatwave_June2026,WHJ2026,72,2026-06-27T02:57:11,2026-06-27T00:57:06.998Z,-302.82,WAITING,SAFE_WAITING,ALL_CLOSED,CLOSED,CLOSED,CLOSED,CLOSED,FALSE,NO_CHANGE_WAITING_FOR_RANDOM_START,FALSE,3.014,TRUE,TRUE,150,1,24.948,25.63,28.838,29.018,28.585,28.625,28.431,27.717,28.405,26.701,28.5,25.161,25.187,25.07,25.096,25.171,24.925,28.464,35.67,43.76,25.45,50.86,318.26,6.567,4.376,5.545,5.086,2.273,0,dry
Weekend_Heatwave_June2026,WHJ2026,73,2026-06-27T03:07:11,2026-06-27T01:07:07.014Z,-292.82,WAITING,SAFE_WAITING,ALL_CLOSED,CLOSED,CLOSED,CLOSED,CLOSED,FALSE,NO_CHANGE_WAITING_FOR_RANDOM_START,FALSE,3.298,TRUE,TRUE,150,1,24.925,25.604,28.812,28.975,28.543,28.585,28.395,27.684,28.327,26.636,28.474,25.145,25.171,25.053,25.076,25.155,24.909,28.438,35.58,43.7,25.14,52.39,315.33,6.558,4.37,5.514,5.239,2.252,0,dry
Weekend_Heatwave_June2026,WHJ2026,74,2026-06-27T03:17:11,2026-06-27T01:17:07.035Z,-282.82,WAITING,SAFE_WAITING,ALL_CLOSED,CLOSED,CLOSED,CLOSED,CLOSED,FALSE,NO_CHANGE_WAITING_FOR_RANDOM_START,FALSE,3.242,TRUE,TRUE,150,1,24.899,25.571,28.785,28.956,28.51,28.549,28.363,27.642,28.3,26.6,28.458,25.129,25.155,25.033,25.06,25.129,24.883,28.422,35.53,43.59,25.18,52.49,314.89,6.553,4.359,5.518,5.249,2.249,0,dry
Weekend_Heatwave_June2026,WHJ2026,75,2026-06-27T03:27:11,2026-06-27T01:27:07.087Z,-272.82,WAITING,SAFE_WAITING,ALL_CLOSED,CLOSED,CLOSED,CLOSED,CLOSED,FALSE,NO_CHANGE_WAITING_FOR_RANDOM_START,FALSE,3.395,TRUE,TRUE,150,1,24.883,25.545,28.753,28.923,28.474,28.517,28.327,27.609,28.241,26.544,28.431,25.112,25.129,25.011,25.033,25.112,24.866,28.395,35.46,43.44,25,51.97,315.7,6.546,4.344,5.5,5.197,2.255,0,dry
Weekend_Heatwave_June2026,WHJ2026,76,2026-06-27T03:37:11,2026-06-27T01:37:07.124Z,-262.82,WAITING,SAFE_WAITING,ALL_CLOSED,CLOSED,CLOSED,CLOSED,CLOSED,FALSE,NO_CHANGE_WAITING_FOR_RANDOM_START,FALSE,3.099,TRUE,TRUE,150,1,24.857,25.518,28.736,28.897,28.438,28.49,28.294,27.576,28.232,26.534,28.415,25.096,25.112,24.991,25.017,25.096,24.84,28.379,35.38,43.23,25.28,51.39,314.03,6.538,4.323,5.528,5.139,2.243,0,dry
Weekend_Heatwave_June2026,WHJ2026,77,2026-06-27T03:47:11,2026-06-27T01:47:07.142Z,-252.82,WAITING,SAFE_WAITING,ALL_CLOSED,CLOSED,CLOSED,CLOSED,CLOSED,FALSE,NO_CHANGE_WAITING_FOR_RANDOM_START,FALSE,3.273,TRUE,TRUE,150,1,24.83,25.492,28.71,28.871,28.415,28.458,28.258,27.543,28.215,26.508,28.389,25.07,25.086,24.968,25.001,25.07,24.814,28.353,35.31,43.18,25.08,52.09,317.11,6.531,4.318,5.508,5.209,2.265,0,dry
Weekend_Heatwave_June2026,WHJ2026,78,2026-06-27T03:57:11,2026-06-27T01:57:07.151Z,-242.82,WAITING,SAFE_WAITING,ALL_CLOSED,CLOSED,CLOSED,CLOSED,CLOSED,FALSE,NO_CHANGE_WAITING_FOR_RANDOM_START,FALSE,3.506,TRUE,TRUE,150,1,24.804,25.459,28.684,28.838,28.379,28.415,28.225,27.507,28.14,26.442,28.369,25.053,25.06,24.948,24.975,25.053,24.788,28.336,35.24,43.09,24.83,52.7,316.98,6.524,4.309,5.483,5.27,2.264,0,dry
Weekend_Heatwave_June2026,WHJ2026,79,2026-06-27T04:07:11,2026-06-27T02:07:07.381Z,-232.82,WAITING,SAFE_WAITING,ALL_CLOSED,CLOSED,CLOSED,CLOSED,CLOSED,FALSE,NO_CHANGE_WAITING_FOR_RANDOM_START,FALSE,3.81,TRUE,TRUE,150,1,24.781,25.433,28.661,28.795,28.343,28.379,28.189,27.484,28.045,26.383,28.343,25.033,25.033,24.925,24.948,25.027,24.762,28.31,35.16,42.96,24.5,54.55,311.15,6.516,4.296,5.45,5.455,2.222,0,dry
Weekend_Heatwave_June2026,WHJ2026,80,2026-06-27T04:17:11,2026-06-27T02:17:07.668Z,-222.82,WAITING,SAFE_WAITING,ALL_CLOSED,CLOSED,CLOSED,CLOSED,CLOSED,FALSE,NO_CHANGE_WAITING_FOR_RANDOM_START,FALSE,4.094,TRUE,TRUE,150,1,24.755,25.407,28.635,28.779,28.31,28.343,28.163,27.448,28.045,26.374,28.327,25.011,25.017,24.909,24.932,25.001,24.739,28.284,35.07,42.75,24.19,56.65,311.57,6.507,4.275,5.419,5.665,2.226,0,dry
Weekend_Heatwave_June2026,WHJ2026,81,2026-06-27T04:27:11,2026-06-27T02:27:07.958Z,-212.82,WAITING,SAFE_WAITING,ALL_CLOSED,CLOSED,CLOSED,CLOSED,CLOSED,FALSE,NO_CHANGE_WAITING_FOR_RANDOM_START,FALSE,4.198,TRUE,TRUE,150,1,24.729,25.374,28.608,28.753,28.274,28.31,28.123,27.416,28.022,26.341,28.3,24.991,24.991,24.883,24.909,24.975,24.712,28.258,34.99,42.75,24.06,56.4,313.24,6.499,4.275,5.406,5.64,2.237,0,dry
Weekend_Heatwave_June2026,WHJ2026,82,2026-06-27T04:37:11,2026-06-27T02:37:08.223Z,-202.82,WAITING,SAFE_WAITING,ALL_CLOSED,CLOSED,CLOSED,CLOSED,CLOSED,FALSE,NO_CHANGE_WAITING_FOR_RANDOM_START,FALSE,4.382,TRUE,TRUE,150,1,24.703,25.348,28.585,28.726,28.232,28.268,28.087,27.383,27.996,26.308,28.274,24.968,24.968,24.857,24.883,24.958,24.686,28.232,34.9,42.66,23.85,56.85,316.53,6.49,4.266,5.385,5.685,2.261,0,dry
Weekend_Heatwave_June2026,WHJ2026,83,2026-06-27T04:47:11,2026-06-27T02:47:08.476Z,-192.82,WAITING,SAFE_WAITING,ALL_CLOSED,CLOSED,CLOSED,CLOSED,CLOSED,FALSE,NO_CHANGE_WAITING_FOR_RANDOM_START,FALSE,4.535,TRUE,TRUE,150,1,24.68,25.322,28.549,28.694,28.199,28.232,28.055,27.35,27.953,26.256,28.251,24.942,24.942,24.83,24.857,24.932,24.66,28.205,34.82,42.52,23.67,57.19,314.99,6.482,4.252,5.367,5.719,2.25,0,dry
Weekend_Heatwave_June2026,WHJ2026,84,2026-06-27T04:57:11,2026-06-27T02:57:08.714Z,-182.82,WAITING,SAFE_WAITING,ALL_CLOSED,CLOSED,CLOSED,CLOSED,CLOSED,FALSE,NO_CHANGE_WAITING_FOR_RANDOM_START,FALSE,4.732,TRUE,TRUE,150,1,24.653,25.299,28.526,28.651,28.163,28.189,28.022,27.314,27.887,26.19,28.225,24.925,24.916,24.804,24.83,24.909,24.627,28.182,34.75,42.49,23.45,57.82,313.5,6.475,4.249,5.345,5.782,2.239,0,dry
Weekend_Heatwave_June2026,WHJ2026,85,2026-06-27T05:07:11,2026-06-27T03:07:08.965Z,-172.82,WAITING,SAFE_WAITING,ALL_CLOSED,CLOSED,CLOSED,CLOSED,CLOSED,FALSE,NO_CHANGE_WAITING_FOR_RANDOM_START,FALSE,4.636,TRUE,TRUE,150,1,24.627,25.263,28.49,28.618,28.123,28.146,27.979,27.275,27.812,26.121,28.199,24.899,24.899,24.781,24.804,24.883,24.601,28.156,34.68,42.57,23.52,57.94,310.98,6.468,4.257,5.352,5.794,2.221,0,dry
Weekend_Heatwave_June2026,WHJ2026,86,2026-06-27T05:17:11,2026-06-27T03:17:09.218Z,-162.82,WAITING,SAFE_WAITING,ALL_CLOSED,CLOSED,CLOSED,CLOSED,CLOSED,FALSE,NO_CHANGE_WAITING_FOR_RANDOM_START,FALSE,4.79,TRUE,TRUE,150,1,24.594,25.24,28.464,28.592,28.097,28.114,27.946,27.239,27.796,26.121,28.173,24.873,24.873,24.755,24.781,24.857,24.578,28.13,34.57,42.24,23.34,59.62,311.83,6.457,4.224,5.334,5.962,2.227,0,dry
Weekend_Heatwave_June2026,WHJ2026,87,2026-06-27T05:27:11,2026-06-27T03:27:09.470Z,-152.82,WAITING,SAFE_WAITING,ALL_CLOSED,CLOSED,CLOSED,CLOSED,CLOSED,FALSE,NO_CHANGE_WAITING_FOR_RANDOM_START,FALSE,4.894,TRUE,TRUE,150,1,24.568,25.204,28.431,28.559,28.055,28.071,27.904,27.206,27.727,26.049,28.146,24.847,24.847,24.729,24.755,24.83,24.542,28.104,34.47,42.31,23.21,59.53,311.96,6.447,4.231,5.321,5.953,2.228,0,dry
Weekend_Heatwave_June2026,WHJ2026,88,2026-06-27T05:37:11,2026-06-27T03:37:09.697Z,-142.82,WAITING,SAFE_WAITING,ALL_CLOSED,CLOSED,CLOSED,CLOSED,CLOSED,FALSE,NO_CHANGE_WAITING_FOR_RANDOM_START,FALSE,4.851,TRUE,TRUE,150,1,24.535,25.178,28.395,28.526,28.012,28.028,27.861,27.154,27.668,26,28.123,24.824,24.814,24.703,24.722,24.804,24.516,28.081,34.4,42.34,23.23,59.43,312.94,6.44,4.234,5.323,5.943,2.235,0,dry
Weekend_Heatwave_June2026,WHJ2026,89,2026-06-27T05:47:11,2026-06-27T03:47:09.940Z,-132.82,WAITING,SAFE_WAITING,ALL_CLOSED,CLOSED,CLOSED,CLOSED,CLOSED,FALSE,NO_CHANGE_WAITING_FOR_RANDOM_START,FALSE,5.135,TRUE,TRUE,150,1,24.509,25.145,28.363,28.484,27.979,27.989,27.819,27.111,27.602,25.912,28.087,24.798,24.788,24.68,24.696,24.781,24.493,28.055,34.33,42.23,22.92,60.15,315.78,6.433,4.223,5.292,6.015,2.256,0,dry
Weekend_Heatwave_June2026,WHJ2026,90,2026-06-27T05:57:11,2026-06-27T03:57:10.186Z,-122.81,WAITING,SAFE_WAITING,ALL_CLOSED,CLOSED,CLOSED,CLOSED,CLOSED,FALSE,NO_CHANGE_WAITING_FOR_RANDOM_START,FALSE,5.238,TRUE,TRUE,150,1,24.476,25.112,28.327,28.458,27.946,27.953,27.776,27.068,27.56,25.879,28.064,24.771,24.755,24.653,24.67,24.755,24.457,28.028,34.23,42.03,22.79,59.97,317.15,6.423,4.203,5.279,5.997,2.265,0,dry
Weekend_Heatwave_June2026,WHJ2026,91,2026-06-27T06:07:11,2026-06-27T04:07:10.434Z,-112.81,WAITING,SAFE_WAITING,ALL_CLOSED,CLOSED,CLOSED,CLOSED,CLOSED,FALSE,NO_CHANGE_WAITING_FOR_RANDOM_START,FALSE,5.196,TRUE,TRUE,150,1,24.45,25.086,28.294,28.422,27.91,27.92,27.743,27.026,27.507,25.83,28.038,24.745,24.729,24.617,24.637,24.722,24.424,27.996,34.16,42.08,22.8,60.77,318.43,6.416,4.208,5.28,6.077,2.275,0,dry
Weekend_Heatwave_June2026,WHJ2026,92,2026-06-27T06:17:11,2026-06-27T04:17:10.686Z,-102.81,WAITING,SAFE_WAITING,ALL_CLOSED,CLOSED,CLOSED,CLOSED,CLOSED,FALSE,NO_CHANGE_WAITING_FOR_RANDOM_START,FALSE,5.053,TRUE,TRUE,150,1,24.417,25.053,28.268,28.395,27.878,27.894,27.701,26.99,27.475,25.82,28.012,24.712,24.703,24.594,24.611,24.696,24.398,27.963,34.07,42.05,22.91,61.38,318.18,6.407,4.205,5.291,6.138,2.273,0,dry
Weekend_Heatwave_June2026,WHJ2026,93,2026-06-27T06:27:11,2026-06-27T04:27:10.940Z,-92.81,WAITING,SAFE_WAITING,ALL_CLOSED,CLOSED,CLOSED,CLOSED,CLOSED,FALSE,NO_CHANGE_WAITING_FOR_RANDOM_START,FALSE,4.977,TRUE,TRUE,150,1,24.381,25.017,28.232,28.353,27.855,27.855,27.661,26.957,27.409,25.777,27.989,24.696,24.68,24.568,24.585,24.66,24.365,27.937,33.99,42.13,22.96,62.07,319.52,6.399,4.213,5.296,6.207,2.282,0,dry
Weekend_Heatwave_June2026,WHJ2026,94,2026-06-27T06:37:11,2026-06-27T04:37:01.191Z,-82.81,WAITING,SAFE_WAITING,ALL_CLOSED,CLOSED,CLOSED,CLOSED,CLOSED,FALSE,NO_CHANGE_WAITING_FOR_RANDOM_START,FALSE,4.92,TRUE,TRUE,150,1,24.355,24.991,28.199,28.32,27.819,27.819,27.625,26.914,27.334,25.745,27.953,24.66,24.644,24.535,24.558,24.637,24.339,27.91,33.89,42.13,22.99,62.46,317.56,6.389,4.213,5.299,6.246,2.268,0,dry
Weekend_Heatwave_June2026,WHJ2026,95,2026-06-27T06:47:11,2026-06-27T04:47:01.445Z,-72.81,WAITING,SAFE_WAITING,ALL_CLOSED,CLOSED,CLOSED,CLOSED,CLOSED,FALSE,NO_CHANGE_WAITING_FOR_RANDOM_START,FALSE,4.838,TRUE,TRUE,150,1,24.322,24.958,28.173,28.284,27.786,27.786,27.583,26.878,27.314,25.695,27.93,24.637,24.617,24.509,24.535,24.611,24.306,27.878,33.84,42.03,23.04,62.76,320.91,6.384,4.203,5.304,6.276,2.292,0,dry
Weekend_Heatwave_June2026,WHJ2026,96,2026-06-27T06:57:11,2026-06-27T04:57:01.689Z,-62.81,WAITING,SAFE_WAITING,ALL_CLOSED,CLOSED,CLOSED,CLOSED,CLOSED,FALSE,NO_CHANGE_WAITING_FOR_RANDOM_START,FALSE,4.845,TRUE,TRUE,150,1,24.296,24.925,28.14,28.251,27.753,27.753,27.55,26.836,27.239,25.659,27.904,24.611,24.594,24.476,24.499,24.585,24.273,27.855,33.75,41.96,23.01,63.2,319.33,6.375,4.196,5.301,6.32,2.281,0,dry
Weekend_Heatwave_June2026,WHJ2026,97,2026-06-27T07:07:11,2026-06-27T05:07:01.942Z,-52.81,WAITING,SAFE_WAITING,ALL_CLOSED,CLOSED,CLOSED,CLOSED,CLOSED,FALSE,NO_CHANGE_WAITING_FOR_RANDOM_START,FALSE,4.719,TRUE,TRUE,150,1,24.263,24.899,28.114,28.225,27.727,27.727,27.517,26.813,27.19,25.636,27.871,24.585,24.568,24.45,24.476,24.552,24.247,27.829,33.37,41.91,23.11,62.85,320.91,6.337,4.191,5.311,6.285,2.292,0,dry
Weekend_Heatwave_June2026,WHJ2026,98,2026-06-27T07:17:11,2026-06-27T05:16:38.750Z,-42.81,WAITING,SAFE_WAITING,ALL_CLOSED,CLOSED,CLOSED,CLOSED,CLOSED,FALSE,NO_CHANGE_WAITING_FOR_RANDOM_START,FALSE,4.426,TRUE,TRUE,150,1,24.237,24.866,28.097,28.205,27.711,27.701,27.484,26.787,27.239,25.669,27.845,24.552,24.535,24.417,24.45,24.526,24.221,27.796,33.54,41.7,23.37,62.48,324.71,6.354,4.17,5.337,6.248,2.319,0,dry
Weekend_Heatwave_June2026,WHJ2026,100,2026-06-27T07:37:11,2026-06-27T05:37:10.344Z,-22.81,WAITING,SAFE_WAITING,ALL_CLOSED,CLOSED,CLOSED,CLOSED,CLOSED,FALSE,NO_CHANGE_WAITING_FOR_RANDOM_START,FALSE,3.947,TRUE,TRUE,150,1,24.178,24.804,28.038,28.146,27.661,27.652,27.425,26.728,27.222,25.653,,24.499,24.483,24.365,24.381,24.467,24.155,27.737,33.35,41.68,23.79,59.41,326.21,6.335,4.168,5.379,5.941,2.33,,
Weekend_Heatwave_June2026,WHJ2026,101,2026-06-27T07:47:11,2026-06-27T05:47:10.910Z,-12.81,WAITING,SAFE_WAITING,ALL_CLOSED,CLOSED,CLOSED,CLOSED,CLOSED,FALSE,NO_CHANGE_WAITING_FOR_RANDOM_START,FALSE,3.721,TRUE,TRUE,150,1,24.155,24.771,28.012,28.114,27.635,27.625,27.399,26.701,27.18,25.643,,24.467,24.45,24.339,24.355,24.44,24.129,27.711,33.28,41.68,23.99,58.75,325.89,6.328,4.168,5.399,5.875,2.328,,
Weekend_Heatwave_June2026,WHJ2026,102,2026-06-27T07:57:11,2026-06-27T05:57:10.486Z,-2.81,WAITING,SAFE_WAITING,ALL_CLOSED,CLOSED,CLOSED,CLOSED,CLOSED,FALSE,NO_CHANGE_WAITING_FOR_RANDOM_START,FALSE,3.374,TRUE,TRUE,150,1,24.119,24.745,27.989,28.087,27.619,27.609,27.373,26.685,27.199,25.676,,24.44,24.424,24.306,24.332,24.417,24.096,27.684,33.19,41.68,24.31,57.2,328.64,6.319,4.168,5.431,5.72,2.347,,
Weekend_Heatwave_June2026,WHJ2026,103,2026-06-27T08:07:19,2026-06-27T06:07:11.071Z,7.33,DAY_1_RANDOM,RANDOM_EVERY_2H,OUTBOUND_CLOSED_INBOUND_OPEN,OPEN,CLOSED,OPEN,CLOSED,TRUE,RANDOM_STATE_EVERY_2H,TRUE,2.961,TRUE,TRUE,150,1,24.096,24.712,27.963,28.071,27.593,27.593,27.35,26.659,27.265,25.718,,24.417,24.408,24.28,24.306,24.381,24.07,27.661,33.11,41.63,24.7,55.97,332.59,6.311,4.163,5.47,5.597,2.376,,
Weekend_Heatwave_June2026,WHJ2026,104,2026-06-27T08:17:19,2026-06-27T06:17:19.653Z,17.33,DAY_1_RANDOM,RANDOM_EVERY_2H,OUTBOUND_CLOSED_INBOUND_OPEN,OPEN,CLOSED,OPEN,CLOSED,FALSE,NO_CHANGE_WAITING_NEXT_RANDOM_CHANGE,TRUE,2.582,TRUE,TRUE,150,1,24.06,24.686,27.946,28.038,27.642,27.652,26.836,26.485,27.298,25.751,,24.375,24.375,24.237,24.263,24.349,23.985,27.602,32.86,40.23,25.02,55.16,332.87,6.286,4.023,5.502,5.516,2.378,,
Weekend_Heatwave_June2026,WHJ2026,105,2026-06-27T08:27:19,2026-06-27T06:27:19.239Z,27.33,DAY_1_RANDOM,RANDOM_EVERY_2H,OUTBOUND_CLOSED_INBOUND_OPEN,OPEN,CLOSED,OPEN,CLOSED,FALSE,NO_CHANGE_WAITING_NEXT_RANDOM_CHANGE,TRUE,2.376,TRUE,TRUE,150,1,24.037,24.66,27.93,27.996,27.661,27.652,26.787,26.442,27.275,25.761,,24.339,24.339,24.198,24.221,24.306,23.936,27.566,32.68,40.49,25.19,55,334.07,6.268,4.049,5.519,5.5,2.386,,
Weekend_Heatwave_June2026,WHJ2026,106,2026-06-27T08:37:19,2026-06-27T06:37:18.814Z,37.33,DAY_1_RANDOM,RANDOM_EVERY_2H,OUTBOUND_CLOSED_INBOUND_OPEN,OPEN,CLOSED,OPEN,CLOSED,FALSE,NO_CHANGE_WAITING_NEXT_RANDOM_CHANGE,TRUE,1.987,TRUE,TRUE,150,1,24.001,24.644,27.894,27.946,27.652,27.652,26.744,26.406,27.357,25.81,,24.306,24.306,24.155,24.178,24.273,23.883,27.527,32.56,40.78,25.54,53.87,336.03,6.256,4.078,5.554,5.387,2.4,,
Weekend_Heatwave_June2026,WHJ2026,107,2026-06-27T08:47:19,2026-06-27T06:47:19.395Z,47.33,DAY_1_RANDOM,RANDOM_EVERY_2H,OUTBOUND_CLOSED_INBOUND_OPEN,OPEN,CLOSED,OPEN,CLOSED,FALSE,NO_CHANGE_WAITING_NEXT_RANDOM_CHANGE,TRUE,1.411,TRUE,TRUE,150,1,23.978,24.627,27.871,27.894,27.642,27.642,26.744,26.383,27.366,25.853,,24.273,24.28,24.119,24.146,24.237,23.841,27.491,32.47,40.84,26.08,52.33,335.39,6.247,4.084,5.608,5.233,2.396,,
Weekend_Heatwave_June2026,WHJ2026,108,2026-06-27T08:57:19,2026-06-27T06:57:18.971Z,57.33,DAY_1_RANDOM,RANDOM_EVERY_2H,OUTBOUND_CLOSED_INBOUND_OPEN,OPEN,CLOSED,OPEN,CLOSED,FALSE,NO_CHANGE_WAITING_NEXT_RANDOM_CHANGE,TRUE,1.138,TRUE,TRUE,150,1,23.952,24.617,27.845,27.855,27.635,27.635,26.728,26.367,27.389,25.889,,24.237,24.247,24.087,24.119,24.204,23.808,27.468,32.36,40.94,26.33,52.33,336.85,6.236,4.094,5.633,5.233,2.406,,
Weekend_Heatwave_June2026,WHJ2026,109,2026-06-27T09:07:19,2026-06-27T07:07:19.549Z,67.33,DAY_1_RANDOM,RANDOM_EVERY_2H,OUTBOUND_CLOSED_INBOUND_OPEN,OPEN,CLOSED,OPEN,CLOSED,FALSE,NO_CHANGE_WAITING_NEXT_RANDOM_CHANGE,TRUE,0.432,TRUE,FALSE,150,1,23.926,24.601,27.819,27.812,27.635,27.625,26.734,26.357,27.416,25.938,,24.214,24.221,24.06,24.087,24.178,23.775,27.442,32.28,40.95,27.01,50.52,336.59,6.228,4.095,5.701,5.052,2.404,,
Weekend_Heatwave_June2026,WHJ2026,110,2026-06-27T09:17:19,2026-06-27T07:17:19.126Z,77.33,DAY_1_RANDOM,RANDOM_EVERY_2H,OUTBOUND_CLOSED_INBOUND_OPEN,OPEN,CLOSED,OPEN,CLOSED,FALSE,NO_CHANGE_WAITING_NEXT_RANDOM_CHANGE,TRUE,-0.054,TRUE,FALSE,150,1,23.893,24.585,27.802,27.776,27.619,27.619,26.744,26.357,27.468,25.99,,24.188,24.198,24.037,24.07,24.155,23.739,27.416,32.21,41.05,27.47,49.16,336.65,6.221,4.105,5.747,4.916,2.405,,
Weekend_Heatwave_June2026,WHJ2026,111,2026-06-27T09:27:19,2026-06-27T07:27:19.713Z,87.33,DAY_1_RANDOM,RANDOM_EVERY_2H,OUTBOUND_CLOSED_INBOUND_OPEN,OPEN,CLOSED,OPEN,CLOSED,FALSE,NO_CHANGE_WAITING_NEXT_RANDOM_CHANGE,TRUE,-0.501,TRUE,FALSE,150,1,23.877,24.578,27.776,27.743,27.619,27.609,26.76,26.357,27.507,26.033,,24.162,24.172,24.018,24.044,24.129,23.716,27.389,32.14,41.16,27.89,47.73,337.96,6.214,4.116,5.789,4.773,2.414,,
Weekend_Heatwave_June2026,WHJ2026,112,2026-06-27T09:37:19,2026-06-27T07:37:19.292Z,97.33,DAY_1_RANDOM,RANDOM_EVERY_2H,OUTBOUND_CLOSED_INBOUND_OPEN,OPEN,CLOSED,OPEN,CLOSED,FALSE,NO_CHANGE_WAITING_NEXT_RANDOM_CHANGE,TRUE,-1.037,TRUE,FALSE,150,1,23.857,24.558,27.76,27.717,27.609,27.602,26.793,26.367,27.56,26.085,,24.136,24.155,23.995,24.018,24.103,23.69,27.373,32.1,41.25,28.41,45.71,339.54,6.21,4.125,5.841,4.571,2.425,,
Weekend_Heatwave_June2026,WHJ2026,113,2026-06-27T09:47:19,2026-06-27T07:47:18.877Z,107.33,DAY_1_RANDOM,RANDOM_EVERY_2H,OUTBOUND_CLOSED_INBOUND_OPEN,OPEN,CLOSED,OPEN,CLOSED,FALSE,NO_CHANGE_WAITING_NEXT_RANDOM_CHANGE,TRUE,-1.763,TRUE,FALSE,150,1,23.834,24.542,27.743,27.684,27.609,27.602,26.813,26.383,27.635,26.164,,24.113,24.129,23.978,24.001,24.087,23.674,27.357,32.05,41.28,29.12,42.93,341.91,6.205,4.128,5.912,4.293,2.442,,
Weekend_Heatwave_June2026,WHJ2026,114,2026-06-27T09:57:19,2026-06-27T07:57:19.465Z,117.33,DAY_1_RANDOM,RANDOM_EVERY_2H,OUTBOUND_CLOSED_INBOUND_OPEN,OPEN,CLOSED,OPEN,CLOSED,FALSE,NO_CHANGE_WAITING_NEXT_RANDOM_CHANGE,TRUE,-2.296,TRUE,FALSE,150,1,23.824,24.535,27.737,27.661,27.609,27.602,26.862,26.4,27.717,26.216,,24.087,24.113,23.952,23.985,24.07,23.647,27.334,32.01,41.31,29.63,41.42,342.87,6.201,4.131,5.963,4.142,2.449,,
Weekend_Heatwave_June2026,WHJ2026,115,2026-06-27T10:07:28,2026-06-27T08:07:19.040Z,127.47,DAY_1_RANDOM,RANDOM_EVERY_2H,ALL_CLOSED,CLOSED,CLOSED,CLOSED,CLOSED,TRUE,RANDOM_STATE_EVERY_2H,TRUE,-2.586,TRUE,FALSE,150,1,23.808,24.516,27.727,27.642,27.661,27.609,26.888,26.426,27.77,26.282,,24.07,24.103,23.942,23.969,24.044,23.631,27.324,31.97,41.39,29.91,39.72,348.15,6.197,4.139,5.991,3.972,2.487,,
Weekend_Heatwave_June2026,WHJ2026,116,2026-06-27T10:17:28,2026-06-27T08:17:27.639Z,137.47,DAY_1_RANDOM,RANDOM_EVERY_2H,ALL_CLOSED,CLOSED,CLOSED,CLOSED,CLOSED,FALSE,NO_CHANGE_WAITING_NEXT_RANDOM_CHANGE,TRUE,-3.036,TRUE,FALSE,150,1,23.798,24.509,27.776,27.701,27.861,27.727,27.058,26.485,27.845,26.341,,24.06,24.087,23.942,23.959,24.044,23.647,27.334,32.02,41.7,30.37,38.59,367.69,6.202,4.17,6.037,3.859,2.626,,
Weekend_Heatwave_June2026,WHJ2026,117,2026-06-27T10:27:28,2026-06-27T08:27:28.231Z,147.47,DAY_1_RANDOM,RANDOM_EVERY_2H,ALL_CLOSED,CLOSED,CLOSED,CLOSED,CLOSED,FALSE,NO_CHANGE_WAITING_NEXT_RANDOM_CHANGE,TRUE,-3.63,TRUE,FALSE,150,1,23.798,24.499,27.829,27.737,28.284,27.92,27.137,26.534,28.071,26.524,,24.054,24.087,23.936,23.959,24.037,23.657,27.34,32.05,41.82,30.97,36.6,787.53,6.205,4.182,6.097,3.66,5.625,,
Weekend_Heatwave_June2026,WHJ2026,118,2026-06-27T10:37:28,2026-06-27T08:37:27.812Z,157.47,DAY_1_RANDOM,RANDOM_EVERY_2H,ALL_CLOSED,CLOSED,CLOSED,CLOSED,CLOSED,FALSE,NO_CHANGE_WAITING_NEXT_RANDOM_CHANGE,TRUE,-4.73,TRUE,FALSE,150,1,23.808,24.499,28.038,27.802,28.759,28.268,27.206,26.593,28.389,26.852,,24.054,24.087,23.936,23.959,24.037,23.664,27.35,32.09,42.01,32.08,32.63,784.26,6.209,4.201,6.208,3.263,5.602,,
Weekend_Heatwave_June2026,WHJ2026,119,2026-06-27T10:47:28,2026-06-27T08:47:28.395Z,167.47,DAY_1_RANDOM,RANDOM_EVERY_2H,ALL_CLOSED,CLOSED,CLOSED,CLOSED,CLOSED,FALSE,NO_CHANGE_WAITING_NEXT_RANDOM_CHANGE,TRUE,-5.79,TRUE,FALSE,150,1,23.824,24.499,28.284,27.91,29.093,28.576,27.291,26.659,28.753,27.19,,24.044,24.096,23.942,23.969,24.037,23.674,27.35,32.11,42.18,33.14,28.14,798.68,6.211,4.218,6.314,2.814,5.705,,
Weekend_Heatwave_June2026,WHJ2026,120,2026-06-27T10:57:28,2026-06-27T08:57:27.967Z,177.47,DAY_1_RANDOM,RANDOM_EVERY_2H,ALL_CLOSED,CLOSED,CLOSED,CLOSED,CLOSED,FALSE,NO_CHANGE_WAITING_NEXT_RANDOM_CHANGE,TRUE,-6.373,TRUE,FALSE,150,1,23.851,24.516,28.484,28.005,29.441,28.88,27.389,26.754,29.087,27.534,,24.044,24.103,23.942,23.969,24.037,23.68,27.357,32.14,42.31,33.73,27.02,835,6.214,4.231,6.373,2.702,5.964,,
Weekend_Heatwave_June2026,WHJ2026,121,2026-06-27T11:07:28,2026-06-27T09:07:27.555Z,187.47,DAY_1_RANDOM,RANDOM_EVERY_2H,ALL_CLOSED,CLOSED,CLOSED,CLOSED,CLOSED,FALSE,NO_CHANGE_WAITING_NEXT_RANDOM_CHANGE,TRUE,-6.974,TRUE,FALSE,150,1,23.893,24.552,28.602,28.097,29.693,29.077,27.491,26.846,29.375,27.878,,24.044,24.113,23.952,23.978,24.044,23.69,27.366,32.19,42.38,34.34,22.52,819.3,6.219,4.238,6.434,2.252,5.852,,
Weekend_Heatwave_June2026,WHJ2026,122,2026-06-27T11:17:28,2026-06-27T09:17:28.127Z,197.47,DAY_1_RANDOM,RANDOM_EVERY_2H,ALL_CLOSED,CLOSED,CLOSED,CLOSED,CLOSED,FALSE,NO_CHANGE_WAITING_NEXT_RANDOM_CHANGE,TRUE,-7.317,TRUE,FALSE,150,1,23.926,24.594,28.635,28.182,30.017,29.215,27.602,26.957,29.667,28.104,,24.044,24.119,23.959,23.985,24.054,23.706,27.373,32.22,42.46,34.69,24.34,758.1,6.222,4.246,6.469,2.434,5.415,,
Weekend_Heatwave_June2026,WHJ2026,123,2026-06-27T11:27:28,2026-06-27T09:27:27.714Z,207.47,DAY_1_RANDOM,RANDOM_EVERY_2H,ALL_CLOSED,CLOSED,CLOSED,CLOSED,CLOSED,FALSE,NO_CHANGE_WAITING_NEXT_RANDOM_CHANGE,TRUE,-7.901,TRUE,FALSE,150,1,23.978,24.67,28.694,28.363,30.06,29.306,27.701,27.058,29.932,28.422,,24.054,24.136,23.978,24.001,24.07,23.723,27.389,32.28,42.55,35.29,23.05,771.58,6.228,4.255,6.529,2.305,5.511,,
Weekend_Heatwave_June2026,WHJ2026,124,2026-06-27T11:37:28,2026-06-27T09:37:28.272Z,217.47,DAY_1_RANDOM,RANDOM_EVERY_2H,ALL_CLOSED,CLOSED,CLOSED,CLOSED,CLOSED,FALSE,NO_CHANGE_WAITING_NEXT_RANDOM_CHANGE,TRUE,-8.251,TRUE,FALSE,150,1,24.028,24.745,28.7,28.533,30.257,29.532,27.812,27.18,30.214,28.625,,24.06,24.172,23.995,24.028,24.087,23.739,27.409,32.33,42.74,35.66,22.75,678.07,6.233,4.274,6.566,2.275,4.843,,
Weekend_Heatwave_June2026,WHJ2026,125,2026-06-27T11:47:28,2026-06-27T09:47:27.859Z,227.47,DAY_1_RANDOM,RANDOM_EVERY_2H,ALL_CLOSED,CLOSED,CLOSED,CLOSED,CLOSED,FALSE,NO_CHANGE_WAITING_NEXT_RANDOM_CHANGE,TRUE,-8.578,TRUE,FALSE,150,1,24.077,24.84,28.743,28.71,30.289,29.844,27.92,27.298,30.476,28.844,,24.077,24.198,24.018,24.044,24.113,23.775,27.442,32.4,42.85,36.02,20.3,797.94,6.24,4.285,6.602,2.03,5.7,,
Weekend_Heatwave_June2026,WHJ2026,126,2026-06-27T11:57:28,2026-06-27T09:57:28.437Z,237.47,DAY_1_RANDOM,RANDOM_EVERY_2H,ALL_CLOSED,CLOSED,CLOSED,CLOSED,CLOSED,FALSE,NO_CHANGE_WAITING_NEXT_RANDOM_CHANGE,TRUE,-9.052,TRUE,FALSE,150,1,24.146,24.948,28.88,28.982,30.587,29.906,28.028,27.409,30.699,29.093,,24.096,24.231,24.044,24.07,24.136,23.798,27.468,32.49,43.02,36.52,21.41,761.94,6.249,4.302,6.652,2.141,5.442,,
Weekend_Heatwave_June2026,WHJ2026,127,2026-06-27T12:07:28,2026-06-27T10:07:28.028Z,247.47,DAY_1_RANDOM,RANDOM_EVERY_2H,ALL_CLOSED,CLOSED,CLOSED,CLOSED,CLOSED,FALSE,NO_CHANGE_RANDOM_STATE_EVERY_2H,TRUE,-9.439,TRUE,FALSE,150,1,24.204,25.07,28.966,29.247,30.778,30.027,28.146,27.527,30.928,29.29,,24.113,24.273,24.07,24.103,24.162,23.834,27.501,32.58,43.06,36.94,21.58,747.59,6.258,4.306,6.694,2.158,5.34,,
Weekend_Heatwave_June2026,WHJ2026,128,2026-06-27T12:17:28,2026-06-27T10:17:27.603Z,257.47,DAY_1_RANDOM,RANDOM_EVERY_2H,ALL_CLOSED,CLOSED,CLOSED,CLOSED,CLOSED,FALSE,NO_CHANGE_WAITING_NEXT_RANDOM_CHANGE,TRUE,-9.526,TRUE,FALSE,150,1,24.273,25.197,29.087,29.516,30.725,30.112,28.258,27.642,31.138,29.516,,24.136,24.322,24.103,24.136,24.198,23.857,27.534,32.69,43.19,37.06,21.84,775.4,6.269,4.319,6.706,2.184,5.539,,
Weekend_Heatwave_June2026,WHJ2026,129,2026-06-27T12:27:28,2026-06-27T10:27:28.184Z,267.47,DAY_1_RANDOM,RANDOM_EVERY_2H,ALL_CLOSED,CLOSED,CLOSED,CLOSED,CLOSED,FALSE,NO_CHANGE_WAITING_NEXT_RANDOM_CHANGE,TRUE,-9.994,TRUE,FALSE,150,1,24.339,25.322,29.231,29.742,30.683,30.224,28.379,27.76,31.331,29.66,,24.162,24.355,24.136,24.172,24.231,23.893,27.576,32.79,43.29,37.57,21.29,709.05,6.279,4.329,6.757,2.129,5.065,,
Weekend_Heatwave_June2026,WHJ2026,130,2026-06-27T12:37:28,2026-06-27T10:37:27.756Z,277.48,DAY_1_RANDOM,RANDOM_EVERY_2H,ALL_CLOSED,CLOSED,CLOSED,CLOSED,CLOSED,FALSE,NO_CHANGE_WAITING_NEXT_RANDOM_CHANGE,TRUE,-10.541,TRUE,FALSE,150,1,24.408,25.459,29.382,29.854,30.614,30.322,28.5,27.871,31.534,29.854,,24.198,24.398,24.178,24.214,24.273,23.936,27.609,32.92,43.43,38.15,21.2,705.14,6.292,4.343,6.815,2.12,5.037,,
Weekend_Heatwave_June2026,WHJ2026,131,2026-06-27T12:47:28,2026-06-27T10:47:28.331Z,287.48,DAY_1_RANDOM,RANDOM_EVERY_2H,ALL_CLOSED,CLOSED,CLOSED,CLOSED,CLOSED,FALSE,NO_CHANGE_WAITING_NEXT_RANDOM_CHANGE,TRUE,-9.818,TRUE,FALSE,150,1,24.483,25.604,29.45,29.932,30.614,30.44,28.618,27.989,31.656,30.008,,24.231,24.45,24.214,24.257,24.316,23.985,27.652,33.04,43.54,37.47,21.67,784.78,6.304,4.354,6.747,2.167,5.606,,
Weekend_Heatwave_June2026,WHJ2026,132,2026-06-27T12:57:28,2026-06-27T10:57:27.918Z,297.48,DAY_1_RANDOM,RANDOM_EVERY_2H,ALL_CLOSED,CLOSED,CLOSED,CLOSED,CLOSED,FALSE,NO_CHANGE_WAITING_NEXT_RANDOM_CHANGE,TRUE,-9.729,TRUE,FALSE,150,1,24.552,25.731,29.585,29.88,30.758,30.525,28.72,28.097,31.826,30.122,,24.263,24.499,24.257,24.296,24.355,24.028,27.701,33.16,43.64,37.43,21.09,771.43,6.316,4.364,6.743,2.109,5.51,,
Weekend_Heatwave_June2026,WHJ2026,133,2026-06-27T13:07:28,2026-06-27T11:07:28.491Z,307.48,DAY_1_RANDOM,RANDOM_EVERY_2H,ALL_CLOSED,CLOSED,CLOSED,CLOSED,CLOSED,FALSE,NO_CHANGE_WAITING_NEXT_RANDOM_CHANGE,TRUE,-10.407,TRUE,FALSE,150,1,24.627,25.866,29.66,29.906,31.079,30.594,28.828,28.205,31.97,30.224,,24.296,24.542,24.306,24.339,24.398,24.07,27.743,33.32,43.82,38.15,20.54,738.66,6.332,4.382,6.815,2.054,5.276,,
Weekend_Heatwave_June2026,WHJ2026,134,2026-06-27T13:17:28,2026-06-27T11:17:28.072Z,317.48,DAY_1_RANDOM,RANDOM_EVERY_2H,ALL_CLOSED,CLOSED,CLOSED,CLOSED,CLOSED,FALSE,NO_CHANGE_WAITING_NEXT_RANDOM_CHANGE,TRUE,-10.434,TRUE,FALSE,150,1,24.696,25.994,29.601,30.034,31.181,30.784,28.939,28.31,32.095,30.306,,24.339,24.601,24.349,24.381,24.44,24.113,27.796,33.47,43.69,38.23,20.83,702.47,6.347,4.369,6.823,2.083,5.018,,
Weekend_Heatwave_June2026,WHJ2026,135,2026-06-27T13:27:28,2026-06-27T11:27:27.643Z,327.48,DAY_1_RANDOM,RANDOM_EVERY_2H,ALL_CLOSED,CLOSED,CLOSED,CLOSED,CLOSED,FALSE,NO_CHANGE_WAITING_NEXT_RANDOM_CHANGE,TRUE,-10.255,TRUE,FALSE,150,1,24.771,26.112,29.703,30.086,31.364,30.843,29.044,28.405,32.2,30.391,,24.381,24.644,24.398,24.434,24.493,24.162,27.835,33.61,43.92,38.09,20.05,801.63,6.361,4.392,6.809,2.005,5.726,,
Weekend_Heatwave_June2026,WHJ2026,136,2026-06-27T13:37:28,2026-06-27T11:37:28.224Z,337.48,DAY_1_RANDOM,RANDOM_EVERY_2H,ALL_CLOSED,CLOSED,CLOSED,CLOSED,CLOSED,FALSE,NO_CHANGE_WAITING_NEXT_RANDOM_CHANGE,TRUE,-10.463,TRUE,FALSE,150,1,24.83,26.216,29.801,30.122,31.39,30.918,29.146,28.5,32.259,30.433,,24.424,24.696,24.44,24.476,24.535,24.214,27.887,33.78,44.03,38.35,19.08,806.44,6.378,4.403,6.835,1.908,5.76,,
Weekend_Heatwave_June2026,WHJ2026,137,2026-06-27T13:47:28,2026-06-27T11:47:27.807Z,347.48,DAY_1_RANDOM,RANDOM_EVERY_2H,ALL_CLOSED,CLOSED,CLOSED,CLOSED,CLOSED,FALSE,NO_CHANGE_WAITING_NEXT_RANDOM_CHANGE,TRUE,-10.97,TRUE,FALSE,150,1,24.889,26.318,29.896,30.283,31.331,30.918,29.241,28.592,32.347,30.466,,24.467,24.745,24.493,24.526,24.585,24.263,27.93,33.89,44.16,38.9,17.91,627.01,6.389,4.416,6.89,1.791,4.479,,
Weekend_Heatwave_June2026,WHJ2026,138,2026-06-27T13:57:28,2026-06-27T11:57:28.386Z,357.48,DAY_1_RANDOM,RANDOM_EVERY_2H,ALL_CLOSED,CLOSED,CLOSED,CLOSED,CLOSED,FALSE,NO_CHANGE_WAITING_NEXT_RANDOM_CHANGE,TRUE,-11.571,TRUE,FALSE,150,1,24.948,26.4,29.975,30.466,31.272,30.879,29.323,28.677,32.396,30.456,,24.509,24.804,24.535,24.578,24.637,24.316,27.979,34.05,44.23,39.55,18.36,512.72,6.405,4.423,6.955,1.836,3.662,,
Weekend_Heatwave_June2026,WHJ2026,139,2026-06-27T14:07:37,2026-06-27T12:07:27.966Z,367.62,DAY_1_RANDOM,RANDOM_EVERY_2H,OUTBOUND_CLOSED_INBOUND_OPEN,OPEN,CLOSED,OPEN,CLOSED,TRUE,RANDOM_STATE_EVERY_2H,TRUE,-11.392,TRUE,FALSE,150,1,25.001,26.485,30.034,30.519,31.266,30.945,29.414,28.759,32.347,30.375,,24.558,24.847,24.585,24.627,24.686,24.365,28.028,34.2,44.35,39.42,19.27,535.86,6.42,4.435,6.942,1.927,3.828,,
Weekend_Heatwave_June2026,WHJ2026,140,2026-06-27T14:17:37,2026-06-27T12:17:36.534Z,377.62,DAY_1_RANDOM,RANDOM_EVERY_2H,OUTBOUND_CLOSED_INBOUND_OPEN,OPEN,CLOSED,OPEN,CLOSED,FALSE,NO_CHANGE_WAITING_NEXT_RANDOM_CHANGE,TRUE,-10.457,TRUE,FALSE,150,1,25.053,26.564,30.578,30.499,31.321,30.987,29.274,28.684,32.259,30.247,,24.637,25.076,24.66,24.696,24.771,24.424,28.123,34.39,44.53,38.58,19.71,522.47,6.439,4.453,6.858,1.971,3.732,,
Weekend_Heatwave_June2026,WHJ2026,141,2026-06-27T14:27:37,2026-06-27T12:27:37.128Z,387.62,DAY_1_RANDOM,RANDOM_EVERY_2H,OUTBOUND_CLOSED_INBOUND_OPEN,OPEN,CLOSED,OPEN,CLOSED,FALSE,NO_CHANGE_WAITING_NEXT_RANDOM_CHANGE,TRUE,-11.425,TRUE,FALSE,150,1,25.112,26.623,30.637,30.545,31.315,31.013,29.306,28.7,32.078,30.06,,24.703,25.197,24.739,24.762,24.847,24.483,28.215,34.57,44.64,39.64,19.22,502.58,6.457,4.464,6.964,1.922,3.59,,
Weekend_Heatwave_June2026,WHJ2026,142,2026-06-27T14:37:37,2026-06-27T12:37:36.693Z,397.62,DAY_1_RANDOM,RANDOM_EVERY_2H,OUTBOUND_CLOSED_INBOUND_OPEN,OPEN,CLOSED,OPEN,CLOSED,FALSE,NO_CHANGE_WAITING_NEXT_RANDOM_CHANGE,TRUE,-10.786,TRUE,FALSE,150,1,25.161,26.682,30.683,30.561,31.256,31.089,29.306,28.7,31.937,29.949,,24.771,25.289,24.804,24.84,24.916,24.542,28.284,34.68,44.44,39.07,18.25,511.74,6.468,4.444,6.907,1.825,3.655,,
Weekend_Heatwave_June2026,WHJ2026,143,2026-06-27T14:47:37,2026-06-27T12:47:36.266Z,407.62,DAY_1_RANDOM,RANDOM_EVERY_2H,OUTBOUND_CLOSED_INBOUND_OPEN,OPEN,CLOSED,OPEN,CLOSED,FALSE,NO_CHANGE_WAITING_NEXT_RANDOM_CHANGE,TRUE,-11.547,TRUE,FALSE,150,1,25.214,26.741,30.725,30.614,31.223,31.138,29.316,28.71,31.842,29.863,,24.84,25.374,24.873,24.899,24.991,24.601,28.353,34.93,44.7,39.9,17.02,515.05,6.493,4.47,6.99,1.702,3.679,,
Weekend_Heatwave_June2026,WHJ2026,144,2026-06-27T14:57:37,2026-06-27T12:57:36.843Z,417.62,DAY_1_RANDOM,RANDOM_EVERY_2H,OUTBOUND_CLOSED_INBOUND_OPEN,OPEN,CLOSED,OPEN,CLOSED,FALSE,NO_CHANGE_WAITING_NEXT_RANDOM_CHANGE,TRUE,-11.378,TRUE,FALSE,150,1,25.263,26.8,30.758,30.637,31.24,31.197,29.323,28.72,31.715,29.778,,24.909,25.45,24.942,24.968,25.06,24.653,28.422,34.82,44.6,39.8,16.83,494.42,6.482,4.46,6.98,1.683,3.532,,
Weekend_Heatwave_June2026,WHJ2026,145,2026-06-27T15:07:37,2026-06-27T13:07:36.419Z,427.62,DAY_1_RANDOM,RANDOM_EVERY_2H,OUTBOUND_CLOSED_INBOUND_OPEN,OPEN,CLOSED,OPEN,CLOSED,FALSE,NO_CHANGE_WAITING_NEXT_RANDOM_CHANGE,TRUE,-12.736,TRUE,FALSE,150,1,25.315,26.842,30.794,30.673,31.449,31.24,29.333,28.72,31.715,29.762,,24.968,25.528,25.001,25.033,25.119,24.712,28.484,35.29,44.73,41.22,15.93,475.15,6.529,4.473,7.122,1.593,3.394,,
Weekend_Heatwave_June2026,WHJ2026,146,2026-06-27T15:17:37,2026-06-27T13:17:36.982Z,437.62,DAY_1_RANDOM,RANDOM_EVERY_2H,OUTBOUND_CLOSED_INBOUND_OPEN,OPEN,CLOSED,OPEN,CLOSED,FALSE,NO_CHANGE_WAITING_NEXT_RANDOM_CHANGE,TRUE,-11.661,TRUE,FALSE,150,1,25.364,26.895,30.81,30.709,31.439,31.299,29.355,28.726,31.698,29.709,,25.033,25.587,25.06,25.096,25.187,24.762,28.549,35.43,44.68,40.21,16.17,495.83,6.543,4.468,7.021,1.617,3.542,,
Weekend_Heatwave_June2026,WHJ2026,147,2026-06-27T15:27:37,2026-06-27T13:27:36.557Z,447.62,DAY_1_RANDOM,RANDOM_EVERY_2H,OUTBOUND_CLOSED_INBOUND_OPEN,OPEN,CLOSED,OPEN,CLOSED,FALSE,NO_CHANGE_WAITING_NEXT_RANDOM_CHANGE,TRUE,-11.752,TRUE,FALSE,150,1,25.407,26.944,30.886,30.732,31.315,31.364,29.391,28.743,31.741,29.709,,25.086,25.646,25.119,25.155,25.246,24.814,28.608,35.58,44.72,40.36,16.51,500.1,6.558,4.472,7.036,1.651,3.572,,
Weekend_Heatwave_June2026,WHJ2026,148,2026-06-27T15:37:37,2026-06-27T13:37:37.158Z,457.62,DAY_1_RANDOM,RANDOM_EVERY_2H,OUTBOUND_CLOSED_INBOUND_OPEN,OPEN,CLOSED,OPEN,CLOSED,FALSE,NO_CHANGE_WAITING_NEXT_RANDOM_CHANGE,TRUE,-11.503,TRUE,FALSE,150,1,25.459,26.986,30.896,30.768,31.24,31.364,29.408,28.769,31.751,29.762,,25.145,25.705,25.178,25.214,25.305,24.873,28.667,35.75,44.72,40.17,16.68,517.62,6.575,4.472,7.017,1.668,3.697,,
Weekend_Heatwave_June2026,WHJ2026,149,2026-06-27T15:47:37,2026-06-27T13:47:36.732Z,467.62,DAY_1_RANDOM,RANDOM_EVERY_2H,OUTBOUND_CLOSED_INBOUND_OPEN,OPEN,CLOSED,OPEN,CLOSED,FALSE,NO_CHANGE_WAITING_NEXT_RANDOM_CHANGE,TRUE,-11.13,TRUE,FALSE,150,1,25.509,27.029,30.896,30.784,31.23,31.4,29.441,28.795,31.741,29.785,,25.204,25.758,25.23,25.273,25.364,24.925,28.72,35.93,44.71,39.85,16.6,542.87,6.593,4.471,6.985,1.66,3.878,,
Weekend_Heatwave_June2026,WHJ2026,150,2026-06-27T15:57:37,2026-06-27T13:57:36.314Z,477.62,DAY_1_RANDOM,RANDOM_EVERY_2H,OUTBOUND_CLOSED_INBOUND_OPEN,OPEN,CLOSED,OPEN,CLOSED,FALSE,NO_CHANGE_WAITING_NEXT_RANDOM_CHANGE,TRUE,-11.241,TRUE,FALSE,150,1,25.551,27.072,30.902,30.81,31.256,31.439,29.457,28.812,31.725,29.795,,25.263,25.807,25.289,25.322,25.427,24.975,28.779,36.09,44.7,40.02,15.68,528.38,6.609,4.47,7.002,1.568,3.774,,
Weekend_Heatwave_June2026,WHJ2026,151,2026-06-27T16:07:45,2026-06-27T14:07:36.872Z,487.76,DAY_1_RANDOM,RANDOM_EVERY_2H,OUTBOUND_OPEN_INBOUND_CLOSED,CLOSED,OPEN,CLOSED,OPEN,TRUE,RANDOM_STATE_EVERY_2H,TRUE,-11.862,TRUE,FALSE,150,1,25.594,27.108,30.971,30.843,31.315,31.492,29.516,28.854,31.793,29.785,,25.315,25.859,25.341,25.391,25.476,25.027,28.828,36.25,44.69,40.69,15.37,543.42,6.625,4.469,7.069,1.537,3.882,,
Weekend_Heatwave_June2026,WHJ2026,152,2026-06-27T16:17:45,2026-06-27T14:17:45.471Z,497.76,DAY_1_RANDOM,RANDOM_EVERY_2H,OUTBOUND_OPEN_INBOUND_CLOSED,CLOSED,OPEN,CLOSED,OPEN,FALSE,NO_CHANGE_WAITING_NEXT_RANDOM_CHANGE,TRUE,-12.706,TRUE,FALSE,150,1,25.636,27.157,30.587,30.732,31.613,31.534,29.591,28.897,31.459,29.778,,25.348,25.79,25.374,25.427,25.509,25.06,28.844,36.4,44.55,41.55,14.85,511.59,6.64,4.455,7.155,1.485,3.654,,
Weekend_Heatwave_June2026,WHJ2026,153,2026-06-27T16:27:45,2026-06-27T14:27:45.045Z,507.76,DAY_1_RANDOM,RANDOM_EVERY_2H,OUTBOUND_OPEN_INBOUND_CLOSED,CLOSED,OPEN,CLOSED,OPEN,FALSE,NO_CHANGE_WAITING_NEXT_RANDOM_CHANGE,TRUE,-12.719,TRUE,FALSE,150,1,25.672,27.183,30.551,30.709,31.666,31.528,29.65,28.956,31.502,29.785,,25.391,25.774,25.407,25.469,25.535,25.112,28.861,36.53,44.75,41.58,15.01,508.37,6.653,4.475,7.158,1.501,3.631,,
Weekend_Heatwave_June2026,WHJ2026,154,2026-06-27T16:37:45,2026-06-27T14:37:45.621Z,517.76,DAY_1_RANDOM,RANDOM_EVERY_2H,OUTBOUND_OPEN_INBOUND_CLOSED,CLOSED,OPEN,CLOSED,OPEN,FALSE,NO_CHANGE_WAITING_NEXT_RANDOM_CHANGE,TRUE,-12.783,TRUE,FALSE,150,1,25.715,27.216,30.551,30.715,31.666,31.666,29.709,28.998,31.459,29.778,,25.427,25.79,25.45,25.509,25.577,25.155,28.897,36.68,44.8,41.68,14.87,482.22,6.668,4.48,7.168,1.487,3.444,,
Weekend_Heatwave_June2026,WHJ2026,155,2026-06-27T16:47:45,2026-06-27T14:47:45.212Z,527.76,DAY_1_RANDOM,RANDOM_EVERY_2H,OUTBOUND_OPEN_INBOUND_CLOSED,CLOSED,OPEN,CLOSED,OPEN,FALSE,NO_CHANGE_WAITING_NEXT_RANDOM_CHANGE,TRUE,-12.771,TRUE,FALSE,150,1,25.748,27.252,30.551,30.741,31.761,31.692,29.762,29.051,31.492,29.752,,25.469,25.807,25.492,25.551,25.613,25.197,28.939,36.69,44.76,41.71,14.7,485.81,6.669,4.476,7.171,1.47,3.47,,
Weekend_Heatwave_June2026,WHJ2026,156,2026-06-27T16:57:45,2026-06-27T14:57:45.771Z,537.76,DAY_1_RANDOM,RANDOM_EVERY_2H,OUTBOUND_OPEN_INBOUND_CLOSED,CLOSED,OPEN,CLOSED,OPEN,FALSE,NO_CHANGE_WAITING_NEXT_RANDOM_CHANGE,TRUE,-12.488,TRUE,FALSE,150,1,25.79,27.275,30.561,30.725,31.734,31.639,29.811,29.093,31.475,29.726,,25.509,25.833,25.528,25.594,25.646,25.246,28.982,36.91,44.81,41.47,14.7,485.79,6.691,4.481,7.147,1.47,3.47,,
Weekend_Heatwave_June2026,WHJ2026,157,2026-06-27T17:07:45,2026-06-27T15:07:45.358Z,547.76,DAY_1_RANDOM,RANDOM_EVERY_2H,OUTBOUND_OPEN_INBOUND_CLOSED,CLOSED,OPEN,CLOSED,OPEN,FALSE,NO_CHANGE_WAITING_NEXT_RANDOM_CHANGE,TRUE,-11.732,TRUE,FALSE,150,1,25.823,27.311,30.578,30.683,31.597,31.587,29.854,29.129,31.423,29.65,,25.551,25.866,25.571,25.646,25.679,25.289,29.018,36.78,44.83,40.75,14.95,497.17,6.678,4.483,7.075,1.495,3.551,,
Weekend_Heatwave_June2026,WHJ2026,158,2026-06-27T17:17:45,2026-06-27T15:17:44.920Z,557.76,DAY_1_RANDOM,RANDOM_EVERY_2H,OUTBOUND_OPEN_INBOUND_CLOSED,CLOSED,OPEN,CLOSED,OPEN,FALSE,NO_CHANGE_WAITING_NEXT_RANDOM_CHANGE,TRUE,-11.809,TRUE,FALSE,150,1,25.866,27.344,30.614,30.663,31.613,31.656,29.89,29.156,31.439,29.65,,25.587,25.892,25.613,25.679,25.722,25.341,29.061,37.05,44.64,40.87,15.28,478.39,6.705,4.464,7.087,1.528,3.417,,
Weekend_Heatwave_June2026,WHJ2026,159,2026-06-27T17:27:45,2026-06-27T15:27:45.510Z,567.76,DAY_1_RANDOM,RANDOM_EVERY_2H,OUTBOUND_OPEN_INBOUND_CLOSED,CLOSED,OPEN,CLOSED,OPEN,FALSE,NO_CHANGE_WAITING_NEXT_RANDOM_CHANGE,TRUE,-11.477,TRUE,FALSE,150,1,25.902,27.37,30.646,30.663,31.571,31.544,29.922,29.188,31.348,29.601,,25.63,25.925,25.656,25.731,25.764,25.384,29.103,37.33,44.9,40.58,14.22,490.19,6.733,4.49,7.058,1.422,3.501,,
Weekend_Heatwave_June2026,WHJ2026,160,2026-06-27T17:37:45,2026-06-27T15:37:45.088Z,577.76,DAY_1_RANDOM,RANDOM_EVERY_2H,OUTBOUND_OPEN_INBOUND_CLOSED,CLOSED,OPEN,CLOSED,OPEN,FALSE,NO_CHANGE_WAITING_NEXT_RANDOM_CHANGE,TRUE,-11.694,TRUE,FALSE,150,1,25.935,27.396,30.578,30.725,31.751,31.692,29.949,29.215,31.24,29.627,,25.672,25.951,25.695,25.774,25.8,25.433,29.146,37.45,44.72,40.84,14.92,466.56,6.745,4.472,7.084,1.492,3.333,,
Weekend_Heatwave_June2026,WHJ2026,161,2026-06-27T17:47:45,2026-06-27T15:47:45.656Z,587.76,DAY_1_RANDOM,RANDOM_EVERY_2H,OUTBOUND_OPEN_INBOUND_CLOSED,CLOSED,OPEN,CLOSED,OPEN,FALSE,NO_CHANGE_WAITING_NEXT_RANDOM_CHANGE,TRUE,-11.208,TRUE,FALSE,150,1,25.977,27.419,30.62,30.758,31.698,31.682,29.975,29.241,31.181,29.559,,25.715,25.994,25.738,25.817,25.84,25.476,29.182,37.59,44.87,40.39,16.41,456.63,6.759,4.487,7.039,1.641,3.262,,
Weekend_Heatwave_June2026,WHJ2026,162,2026-06-27T17:57:45,2026-06-27T15:57:45.235Z,597.76,DAY_1_RANDOM,RANDOM_EVERY_2H,OUTBOUND_OPEN_INBOUND_CLOSED,CLOSED,OPEN,CLOSED,OPEN,FALSE,NO_CHANGE_WAITING_NEXT_RANDOM_CHANGE,TRUE,-11.079,TRUE,FALSE,150,1,26.01,27.445,30.673,30.741,31.656,31.708,30.001,29.257,31.223,29.5,,25.758,26.026,25.774,25.859,25.882,25.518,29.221,37.72,44.87,40.3,16.01,462.37,6.772,4.487,7.03,1.601,3.303,,
Weekend_Heatwave_June2026,WHJ2026,163,2026-06-27T18:07:54,2026-06-27T16:07:45.801Z,607.91,DAY_1_RANDOM,RANDOM_EVERY_2H,ALL_OPEN,OPEN,OPEN,OPEN,OPEN,TRUE,RANDOM_STATE_EVERY_2H,TRUE,-11.323,TRUE,FALSE,150,1,26.046,27.471,30.656,30.778,31.603,31.708,30.017,29.274,31.053,29.441,,25.8,26.062,25.817,25.902,25.918,25.551,29.257,37.85,44.89,40.58,18.74,428.02,6.785,4.489,7.058,1.874,3.057,,
Weekend_Heatwave_June2026,WHJ2026,164,2026-06-27T18:17:54,2026-06-27T16:17:54.399Z,617.91,DAY_1_RANDOM,RANDOM_EVERY_2H,ALL_OPEN,OPEN,OPEN,OPEN,OPEN,FALSE,NO_CHANGE_WAITING_NEXT_RANDOM_CHANGE,TRUE,-10.954,TRUE,FALSE,150,1,26.079,27.498,31.223,30.928,31.544,31.777,29.932,29.29,30.912,29.323,,25.84,26.121,25.859,25.925,25.961,25.594,29.306,37.97,44.89,40.26,21.5,423.58,6.797,4.489,7.026,2.15,3.026,,
Weekend_Heatwave_June2026,WHJ2026,165,2026-06-27T18:27:54,2026-06-27T16:27:53.967Z,627.91,DAY_1_RANDOM,RANDOM_EVERY_2H,ALL_OPEN,OPEN,OPEN,OPEN,OPEN,FALSE,NO_CHANGE_WAITING_NEXT_RANDOM_CHANGE,TRUE,-10.581,TRUE,FALSE,150,1,26.112,27.521,31.246,30.977,31.528,31.761,29.906,29.274,30.843,29.306,,25.882,26.207,25.882,25.967,25.994,25.63,29.349,38.1,44.48,39.93,20.66,416.02,6.81,4.448,6.993,2.066,2.972,,
Weekend_Heatwave_June2026,WHJ2026,166,2026-06-27T18:37:54,2026-06-27T16:37:53.553Z,637.91,DAY_1_RANDOM,RANDOM_EVERY_2H,ALL_OPEN,OPEN,OPEN,OPEN,OPEN,FALSE,NO_CHANGE_WAITING_NEXT_RANDOM_CHANGE,TRUE,-9.838,TRUE,FALSE,150,1,26.138,27.54,31.23,31.004,31.482,31.741,29.89,29.264,30.768,29.231,,25.918,26.282,25.918,26.003,26.026,25.656,29.382,38.17,44.03,39.22,24.26,409.61,6.817,4.403,6.922,2.426,2.926,,
Weekend_Heatwave_June2026,WHJ2026,167,2026-06-27T18:47:54,2026-06-27T16:47:54.123Z,647.91,DAY_1_RANDOM,RANDOM_EVERY_2H,ALL_OPEN,OPEN,OPEN,OPEN,OPEN,FALSE,NO_CHANGE_WAITING_NEXT_RANDOM_CHANGE,TRUE,-9.306,TRUE,FALSE,150,1,26.164,27.557,31.223,31.02,31.4,31.715,29.854,29.231,30.656,29.061,,25.951,26.325,25.951,26.026,26.062,25.679,29.424,38.26,43.71,38.73,24.78,406.23,6.826,4.371,6.873,2.478,2.902,,
Weekend_Heatwave_June2026,WHJ2026,168,2026-06-27T18:57:54,2026-06-27T16:57:53.704Z,657.91,DAY_1_RANDOM,RANDOM_EVERY_2H,ALL_OPEN,OPEN,OPEN,OPEN,OPEN,FALSE,NO_CHANGE_WAITING_NEXT_RANDOM_CHANGE,TRUE,-8.833,TRUE,FALSE,150,1,26.19,27.573,31.131,31.02,31.289,31.672,29.827,29.205,30.551,28.956,,25.994,26.367,25.987,26.062,26.095,25.705,29.457,38.34,43.48,38.29,26.06,371.18,6.834,4.348,6.829,2.606,2.651,,
Weekend_Heatwave_June2026,WHJ2026,169,2026-06-27T19:07:54,2026-06-27T17:07:54.277Z,667.91,DAY_1_RANDOM,RANDOM_EVERY_2H,ALL_OPEN,OPEN,OPEN,OPEN,OPEN,FALSE,NO_CHANGE_WAITING_NEXT_RANDOM_CHANGE,TRUE,-8.367,TRUE,FALSE,150,1,26.216,27.589,31.072,31.004,31.246,31.62,29.811,29.198,30.417,28.838,,26.026,26.383,26.02,26.095,26.138,25.738,29.493,38.43,43.23,37.86,25.23,374.25,6.843,4.323,6.786,2.523,2.673,,
Weekend_Heatwave_June2026,WHJ2026,170,2026-06-27T19:17:54,2026-06-27T17:17:53.858Z,677.91,DAY_1_RANDOM,RANDOM_EVERY_2H,ALL_OPEN,OPEN,OPEN,OPEN,OPEN,FALSE,NO_CHANGE_WAITING_NEXT_RANDOM_CHANGE,TRUE,-7.874,TRUE,FALSE,150,1,26.239,27.589,31.03,30.987,31.187,31.597,29.811,29.172,30.299,28.7,,26.062,26.4,26.046,26.131,26.164,25.764,29.526,38.5,43.08,37.4,27.49,364.83,6.85,4.308,6.74,2.749,2.606,,
Weekend_Heatwave_June2026,WHJ2026,171,2026-06-27T19:27:54,2026-06-27T17:27:54.438Z,687.91,DAY_1_RANDOM,RANDOM_EVERY_2H,ALL_OPEN,OPEN,OPEN,OPEN,OPEN,FALSE,NO_CHANGE_WAITING_NEXT_RANDOM_CHANGE,TRUE,-7.371,TRUE,FALSE,150,1,26.266,27.599,30.977,30.977,31.213,31.528,29.785,29.146,30.165,28.608,,26.095,26.42,26.079,26.154,26.197,25.79,29.549,38.56,42.84,36.92,27.37,357.1,6.856,4.284,6.692,2.737,2.551,,
Weekend_Heatwave_June2026,WHJ2026,172,2026-06-27T19:37:54,2026-06-27T17:37:54.008Z,697.91,DAY_1_RANDOM,RANDOM_EVERY_2H,ALL_OPEN,OPEN,OPEN,OPEN,OPEN,FALSE,NO_CHANGE_WAITING_NEXT_RANDOM_CHANGE,TRUE,-6.662,TRUE,FALSE,150,1,26.282,27.599,30.928,30.961,31.23,31.439,29.742,29.113,30.027,28.464,,26.121,26.42,26.105,26.174,26.223,25.807,29.568,38.64,42.71,36.23,28.95,344.71,6.864,4.271,6.623,2.895,2.462,,
Weekend_Heatwave_June2026,WHJ2026,173,2026-06-27T19:47:54,2026-06-27T17:47:53.604Z,707.91,DAY_1_RANDOM,RANDOM_EVERY_2H,ALL_OPEN,OPEN,OPEN,OPEN,OPEN,FALSE,NO_CHANGE_WAITING_NEXT_RANDOM_CHANGE,TRUE,-6.075,TRUE,FALSE,150,1,26.298,27.599,30.879,30.928,31.23,31.358,29.709,29.07,29.863,28.32,,26.154,26.42,26.131,26.197,26.249,25.833,29.585,38.71,42.56,35.66,29.22,349.04,6.871,4.256,6.566,2.922,2.493,,
Weekend_Heatwave_June2026,WHJ2026,174,2026-06-27T19:57:54,2026-06-27T17:57:54.167Z,717.91,DAY_1_RANDOM,RANDOM_EVERY_2H,ALL_OPEN,OPEN,OPEN,OPEN,OPEN,FALSE,NO_CHANGE_WAITING_NEXT_RANDOM_CHANGE,TRUE,-5.569,TRUE,FALSE,150,1,26.318,27.589,30.837,30.896,31.187,31.289,29.667,29.025,29.709,28.199,,26.18,26.41,26.154,26.216,26.266,25.849,29.601,38.76,42.37,35.17,30.2,345.33,6.876,4.237,6.517,3.02,2.467,,
Weekend_Heatwave_June2026,WHJ2026,175,2026-06-27T20:08:03,2026-06-27T18:07:53.755Z,728.05,DAY_1_RANDOM,RANDOM_EVERY_2H,OUTBOUND_OPEN_INBOUND_CLOSED,CLOSED,OPEN,CLOSED,OPEN,TRUE,RANDOM_STATE_EVERY_2H,FALSE,-5.392,TRUE,FALSE,150,1,26.334,27.589,30.804,30.859,31.131,31.23,29.618,28.975,29.601,28.13,,26.197,26.41,26.174,26.233,26.292,25.866,29.618,38.82,42.26,35.01,30.48,346.87,6.882,4.226,6.501,3.048,2.478,,
Weekend_Heatwave_June2026,WHJ2026,176,2026-06-27T20:18:03,2026-06-27T18:18:02.336Z,738.05,DAY_1_RANDOM,RANDOM_EVERY_2H,OUTBOUND_OPEN_INBOUND_CLOSED,CLOSED,OPEN,CLOSED,OPEN,FALSE,NO_CHANGE_WAITING_NEXT_RANDOM_CHANGE,FALSE,-4.783,TRUE,FALSE,150,1,26.341,27.573,30.81,30.879,31.063,31.148,29.644,28.929,29.509,28.045,,26.216,26.42,26.19,26.249,26.298,25.882,29.627,38.86,42.19,34.41,31.59,345.71,6.886,4.219,6.441,3.159,2.469,,
Weekend_Heatwave_June2026,WHJ2026,177,2026-06-27T20:28:03,2026-06-27T18:28:02.915Z,748.05,DAY_1_RANDOM,RANDOM_EVERY_2H,OUTBOUND_OPEN_INBOUND_CLOSED,CLOSED,OPEN,CLOSED,OPEN,FALSE,NO_CHANGE_WAITING_NEXT_RANDOM_CHANGE,FALSE,-4.416,TRUE,FALSE,150,1,26.351,27.563,30.784,30.869,30.971,31.072,29.618,28.897,29.391,27.93,,26.233,26.426,26.207,26.266,26.325,25.902,29.644,38.91,42.09,34.06,30.72,333.28,6.891,4.209,6.406,3.072,2.381,,
Weekend_Heatwave_June2026,WHJ2026,178,2026-06-27T20:38:03,2026-06-27T18:38:02.488Z,758.05,DAY_1_RANDOM,RANDOM_EVERY_2H,OUTBOUND_OPEN_INBOUND_CLOSED,CLOSED,OPEN,CLOSED,OPEN,FALSE,NO_CHANGE_WAITING_NEXT_RANDOM_CHANGE,FALSE,-3.9,TRUE,FALSE,150,1,26.361,27.557,30.758,30.859,30.896,31.004,29.585,28.861,29.274,27.829,,26.249,26.436,26.223,26.275,26.334,25.918,29.65,38.95,42.05,33.55,31.59,328.17,6.895,4.205,6.355,3.159,2.344,,
Weekend_Heatwave_June2026,WHJ2026,179,2026-06-27T20:48:03,2026-06-27T18:48:03.062Z,768.05,DAY_1_RANDOM,RANDOM_EVERY_2H,OUTBOUND_OPEN_INBOUND_CLOSED,CLOSED,OPEN,CLOSED,OPEN,FALSE,NO_CHANGE_WAITING_NEXT_RANDOM_CHANGE,FALSE,-3.3,TRUE,FALSE,150,1,26.367,27.54,30.741,30.843,30.794,30.945,29.559,28.818,29.12,27.684,,26.266,26.442,26.239,26.282,26.351,25.925,29.66,39,42.04,32.96,32.19,325.84,6.9,4.204,6.296,3.219,2.327,,
Weekend_Heatwave_June2026,WHJ2026,180,2026-06-27T20:58:03,2026-06-27T18:58:02.640Z,778.05,DAY_1_RANDOM,RANDOM_EVERY_2H,OUTBOUND_OPEN_INBOUND_CLOSED,CLOSED,OPEN,CLOSED,OPEN,FALSE,NO_CHANGE_WAITING_NEXT_RANDOM_CHANGE,FALSE,-2.863,TRUE,FALSE,150,1,26.367,27.521,30.715,30.827,30.732,30.886,29.526,28.785,28.998,27.576,,26.282,26.442,26.249,26.292,26.361,25.944,29.667,39.02,41.94,32.53,32.95,324.5,6.902,4.194,6.253,3.295,2.318,,
Weekend_Heatwave_June2026,WHJ2026,181,2026-06-27T21:08:03,2026-06-27T19:08:02.213Z,788.05,DAY_1_RANDOM,RANDOM_EVERY_2H,OUTBOUND_OPEN_INBOUND_CLOSED,CLOSED,OPEN,CLOSED,OPEN,FALSE,NO_CHANGE_WAITING_NEXT_RANDOM_CHANGE,FALSE,-2.493,TRUE,FALSE,150,1,26.367,27.504,30.683,30.81,30.709,30.82,29.493,28.736,28.887,27.475,,26.298,26.452,26.266,26.298,26.367,25.951,29.677,39.03,41.91,32.17,34.13,322.9,6.903,4.191,6.217,3.413,2.306,,
Weekend_Heatwave_June2026,WHJ2026,182,2026-06-27T21:18:03,2026-06-27T19:18:02.787Z,798.05,DAY_1_RANDOM,RANDOM_EVERY_2H,OUTBOUND_OPEN_INBOUND_CLOSED,CLOSED,OPEN,CLOSED,OPEN,FALSE,NO_CHANGE_WAITING_NEXT_RANDOM_CHANGE,FALSE,-2.063,TRUE,FALSE,150,1,26.367,27.478,30.646,30.794,30.689,30.758,29.45,28.684,28.779,27.389,,26.308,26.452,26.266,26.308,26.377,25.951,29.677,39.05,41.8,31.74,34.23,321.12,6.905,4.18,6.174,3.423,2.294,,
Weekend_Heatwave_June2026,WHJ2026,183,2026-06-27T21:28:03,2026-06-27T19:28:02.351Z,808.05,DAY_1_RANDOM,RANDOM_EVERY_2H,OUTBOUND_OPEN_INBOUND_CLOSED,CLOSED,OPEN,CLOSED,OPEN,FALSE,NO_CHANGE_WAITING_NEXT_RANDOM_CHANGE,FALSE,-1.697,TRUE,FALSE,150,1,26.367,27.462,30.604,30.778,30.637,30.683,29.398,28.635,28.684,27.298,,26.318,26.452,26.266,26.308,26.377,25.961,29.683,39.05,41.69,31.38,34.74,323.05,6.905,4.169,6.138,3.474,2.307,,
Weekend_Heatwave_June2026,WHJ2026,184,2026-06-27T21:38:03,2026-06-27T19:38:02.932Z,818.05,DAY_1_RANDOM,RANDOM_EVERY_2H,OUTBOUND_OPEN_INBOUND_CLOSED,CLOSED,OPEN,CLOSED,OPEN,FALSE,NO_CHANGE_WAITING_NEXT_RANDOM_CHANGE,FALSE,-1.507,TRUE,FALSE,150,1,26.361,27.439,30.578,30.751,30.604,30.62,29.355,28.585,28.602,27.206,,26.325,26.442,26.266,26.308,26.377,25.961,29.683,39.05,41.55,31.19,35,324.61,6.905,4.155,6.119,3.5,2.319,,
Weekend_Heatwave_June2026,WHJ2026,185,2026-06-27T21:48:03,2026-06-27T19:48:02.500Z,828.05,DAY_1_RANDOM,RANDOM_EVERY_2H,OUTBOUND_OPEN_INBOUND_CLOSED,CLOSED,OPEN,CLOSED,OPEN,FALSE,NO_CHANGE_WAITING_NEXT_RANDOM_CHANGE,FALSE,-1.387,TRUE,FALSE,150,1,26.361,27.412,30.535,30.725,30.551,30.561,29.306,28.533,28.517,27.121,,26.325,26.442,26.275,26.308,26.383,25.961,29.683,39.04,41.3,31.07,34.94,327.36,6.904,4.13,6.107,3.494,2.338,,
Weekend_Heatwave_June2026,WHJ2026,186,2026-06-27T21:58:03,2026-06-27T19:58:03.071Z,838.05,DAY_1_RANDOM,RANDOM_EVERY_2H,OUTBOUND_OPEN_INBOUND_CLOSED,CLOSED,OPEN,CLOSED,OPEN,FALSE,NO_CHANGE_WAITING_NEXT_RANDOM_CHANGE,FALSE,-1.243,TRUE,FALSE,150,1,26.341,27.386,30.492,30.699,30.509,30.499,29.247,28.474,28.448,27.085,,26.325,26.436,26.275,26.298,26.383,25.951,29.677,39.01,41.1,30.92,34.87,328.92,6.901,4.11,6.092,3.487,2.349,,
Weekend_Heatwave_June2026,WHJ2026,187,2026-06-27T22:08:11,2026-06-27T20:08:02.648Z,848.2,DAY_1_RANDOM,RANDOM_EVERY_2H,ALL_OPEN,OPEN,OPEN,OPEN,OPEN,TRUE,RANDOM_STATE_EVERY_2H,FALSE,-0.943,TRUE,FALSE,150,1,26.334,27.36,30.456,30.673,30.433,30.45,29.198,28.422,28.369,27,,26.325,26.426,26.266,26.298,26.377,25.944,29.677,38.98,40.88,30.62,35.73,324.56,6.898,4.088,6.062,3.573,2.318,,
Weekend_Heatwave_June2026,WHJ2026,188,2026-06-27T22:18:11,2026-06-27T20:18:11.238Z,858.2,DAY_1_RANDOM,RANDOM_EVERY_2H,ALL_OPEN,OPEN,OPEN,OPEN,OPEN,FALSE,NO_CHANGE_WAITING_NEXT_RANDOM_CHANGE,FALSE,-0.846,TRUE,FALSE,150,1,26.318,27.334,30.332,30.466,30.476,30.476,28.802,28.369,28.3,26.973,,26.318,26.41,26.249,26.282,26.361,25.8,29.634,38.64,35.4,30.48,36.24,326.87,6.864,3.54,6.048,3.624,2.335,,
Weekend_Heatwave_June2026,WHJ2026,189,2026-06-27T22:28:11,2026-06-27T20:28:11.813Z,868.2,DAY_1_RANDOM,RANDOM_EVERY_2H,ALL_OPEN,OPEN,OPEN,OPEN,OPEN,FALSE,NO_CHANGE_WAITING_NEXT_RANDOM_CHANGE,FALSE,-0.779,TRUE,FALSE,150,1,26.298,27.311,30.289,30.391,30.456,30.433,28.7,28.294,28.258,26.963,,26.298,26.383,26.207,26.249,26.334,25.731,29.591,38.17,34.13,30.37,36.29,329.07,6.817,3.413,6.037,3.629,2.35,,
Weekend_Heatwave_June2026,WHJ2026,190,2026-06-27T22:38:11,2026-06-27T20:38:11.380Z,878.2,DAY_1_RANDOM,RANDOM_EVERY_2H,ALL_OPEN,OPEN,OPEN,OPEN,OPEN,FALSE,NO_CHANGE_WAITING_NEXT_RANDOM_CHANGE,FALSE,-0.651,TRUE,FALSE,150,1,26.275,27.285,30.24,30.322,30.424,30.381,28.625,28.232,28.205,26.904,,26.282,26.361,26.174,26.207,26.298,25.672,29.549,38.16,33.58,30.2,36.86,326.68,6.816,3.358,6.02,3.686,2.333,,
Weekend_Heatwave_June2026,WHJ2026,191,2026-06-27T22:48:11,2026-06-27T20:48:10.954Z,888.2,DAY_1_RANDOM,RANDOM_EVERY_2H,ALL_OPEN,OPEN,OPEN,OPEN,OPEN,FALSE,NO_CHANGE_WAITING_NEXT_RANDOM_CHANGE,FALSE,-0.614,TRUE,FALSE,150,1,26.249,27.258,30.188,30.263,30.348,30.322,28.549,28.163,28.156,26.878,,26.256,26.325,26.121,26.164,26.266,25.63,29.516,37.91,32.96,30.13,37.29,327.25,6.791,3.296,6.013,3.729,2.338,,
Weekend_Heatwave_June2026,WHJ2026,192,2026-06-27T22:58:11,2026-06-27T20:58:11.530Z,898.2,DAY_1_RANDOM,RANDOM_EVERY_2H,ALL_OPEN,OPEN,OPEN,OPEN,OPEN,FALSE,NO_CHANGE_WAITING_NEXT_RANDOM_CHANGE,FALSE,-0.407,TRUE,FALSE,150,1,26.216,27.232,30.139,30.198,30.322,30.263,28.474,28.104,28.104,26.829,,26.233,26.282,26.079,26.121,26.233,25.587,29.483,37.95,32.68,29.89,37.93,330.44,6.795,3.268,5.989,3.793,2.36,,
Weekend_Heatwave_June2026,WHJ2026,193,2026-06-27T23:08:11,2026-06-27T21:08:11.112Z,908.2,DAY_1_RANDOM,RANDOM_EVERY_2H,ALL_OPEN,OPEN,OPEN,OPEN,OPEN,FALSE,NO_CHANGE_WAITING_NEXT_RANDOM_CHANGE,FALSE,-0.43,TRUE,FALSE,150,1,26.19,27.209,30.086,30.139,30.257,30.214,28.405,28.045,28.038,26.77,,26.207,26.239,26.046,26.079,26.19,25.545,29.45,37.82,32.29,29.88,37.4,326.66,6.782,3.229,5.988,3.74,2.333,,
Weekend_Heatwave_June2026,WHJ2026,194,2026-06-27T23:18:11,2026-06-27T21:18:11.690Z,918.2,DAY_1_RANDOM,RANDOM_EVERY_2H,ALL_OPEN,OPEN,OPEN,OPEN,OPEN,FALSE,NO_CHANGE_WAITING_NEXT_RANDOM_CHANGE,FALSE,-0.256,TRUE,FALSE,150,1,26.148,27.183,30.034,30.07,30.214,30.165,28.327,27.989,27.979,26.711,,26.18,26.207,26.003,26.046,26.154,25.502,29.414,37.7,32,29.67,37.19,329.75,6.77,3.2,5.967,3.719,2.355,,
Weekend_Heatwave_June2026,WHJ2026,195,2026-06-27T23:28:11,2026-06-27T21:28:11.263Z,928.2,DAY_1_RANDOM,RANDOM_EVERY_2H,ALL_OPEN,OPEN,OPEN,OPEN,OPEN,FALSE,NO_CHANGE_WAITING_NEXT_RANDOM_CHANGE,FALSE,0.172,TRUE,FALSE,150,1,26.121,27.147,29.975,30.017,30.165,30.103,28.258,27.93,27.969,26.728,,26.154,26.174,25.967,26.003,26.121,25.459,29.382,37.35,31.6,29.21,37.34,331.93,6.735,3.16,5.921,3.734,2.371,,
Weekend_Heatwave_June2026,WHJ2026,196,2026-06-27T23:38:11,2026-06-27T21:38:11.843Z,938.2,DAY_1_RANDOM,RANDOM_EVERY_2H,ALL_OPEN,OPEN,OPEN,OPEN,OPEN,FALSE,NO_CHANGE_WAITING_NEXT_RANDOM_CHANGE,FALSE,0.199,TRUE,FALSE,150,1,26.079,27.124,29.922,29.958,30.103,30.044,28.199,27.871,27.894,26.652,,26.131,26.131,25.935,25.967,26.079,25.417,29.339,37.44,31.54,29.14,37.4,327,6.744,3.154,5.914,3.74,2.336,,
Weekend_Heatwave_June2026,WHJ2026,197,2026-06-27T23:48:11,2026-06-27T21:48:11.422Z,948.2,DAY_1_RANDOM,RANDOM_EVERY_2H,ALL_OPEN,OPEN,OPEN,OPEN,OPEN,FALSE,NO_CHANGE_WAITING_NEXT_RANDOM_CHANGE,FALSE,0.366,TRUE,FALSE,150,1,26.046,27.088,29.87,29.896,30.07,29.991,28.13,27.812,27.812,26.567,,26.095,26.089,25.902,25.935,26.046,25.384,29.306,37.32,31.32,28.94,37.83,326.57,6.732,3.132,5.894,3.783,2.333,,
Weekend_Heatwave_June2026,WHJ2026,198,2026-06-27T23:58:11,2026-06-27T21:58:11.006Z,958.2,DAY_1_RANDOM,RANDOM_EVERY_2H,ALL_OPEN,OPEN,OPEN,OPEN,OPEN,FALSE,NO_CHANGE_WAITING_NEXT_RANDOM_CHANGE,FALSE,0.404,TRUE,FALSE,150,1,26.01,27.055,29.821,29.827,30.008,29.939,28.071,27.753,27.717,26.492,,26.069,26.053,25.866,25.892,26.01,25.341,29.274,37.19,31.09,28.87,37.91,321.34,6.719,3.109,5.887,3.791,2.295,,
Weekend_Heatwave_June2026,WHJ2026,199,2026-06-28T00:08:20,2026-06-27T22:08:11.590Z,968.34,DAY_1_RANDOM,RANDOM_EVERY_2H,OUTBOUND_OPEN_INBOUND_CLOSED,CLOSED,OPEN,CLOSED,OPEN,TRUE,RANDOM_STATE_EVERY_2H,FALSE,0.621,TRUE,FALSE,150,1,25.967,27.022,29.778,29.778,29.939,29.896,28.005,27.694,27.668,26.442,,26.036,26.02,25.833,25.859,25.977,25.299,29.241,37.06,31,28.62,39.22,323,6.706,3.1,5.862,3.922,2.307,,
Weekend_Heatwave_June2026,WHJ2026,200,2026-06-28T00:18:20,2026-06-27T22:18:20.175Z,978.34,DAY_1_RANDOM,RANDOM_EVERY_2H,OUTBOUND_OPEN_INBOUND_CLOSED,CLOSED,OPEN,CLOSED,OPEN,FALSE,NO_CHANGE_WAITING_NEXT_RANDOM_CHANGE,FALSE,1.411,TRUE,TRUE,150,1,25.944,26.986,29.844,29.854,29.827,29.66,28.189,27.661,27.717,26.465,,26.02,25.994,25.823,25.849,25.961,25.332,29.231,37.2,33.64,27.82,40.06,320.97,6.72,3.364,5.782,4.006,2.293,,
Weekend_Heatwave_June2026,WHJ2026,201,2026-06-28T00:28:20,2026-06-27T22:28:19.745Z,988.34,DAY_1_RANDOM,RANDOM_EVERY_2H,OUTBOUND_OPEN_INBOUND_CLOSED,CLOSED,OPEN,CLOSED,OPEN,FALSE,NO_CHANGE_WAITING_NEXT_RANDOM_CHANGE,FALSE,1.301,TRUE,TRUE,150,1,25.908,26.944,29.821,29.854,29.795,29.667,28.205,27.652,27.684,26.426,,25.994,25.967,25.823,25.84,25.951,25.348,29.221,37.24,34.24,27.92,39.67,321.38,6.724,3.424,5.792,3.967,2.296,,
Weekend_Heatwave_June2026,WHJ2026,202,2026-06-28T00:38:20,2026-06-27T22:38:20.326Z,998.34,DAY_1_RANDOM,RANDOM_EVERY_2H,OUTBOUND_OPEN_INBOUND_CLOSED,CLOSED,OPEN,CLOSED,OPEN,FALSE,NO_CHANGE_WAITING_NEXT_RANDOM_CHANGE,FALSE,1.355,TRUE,TRUE,150,1,25.876,26.911,29.801,29.896,29.762,29.627,28.205,27.635,27.635,26.39,,25.977,25.951,25.807,25.833,25.925,25.348,29.215,37.24,34.62,27.86,40.07,323,6.724,3.462,5.786,4.007,2.307,,
Weekend_Heatwave_June2026,WHJ2026,203,2026-06-28T00:48:20,2026-06-27T22:48:19.903Z,1008.34,DAY_1_RANDOM,RANDOM_EVERY_2H,OUTBOUND_OPEN_INBOUND_CLOSED,CLOSED,OPEN,CLOSED,OPEN,FALSE,NO_CHANGE_WAITING_NEXT_RANDOM_CHANGE,FALSE,1.478,TRUE,TRUE,150,1,25.849,26.868,29.785,29.89,29.726,29.575,28.199,27.609,27.619,26.341,,25.951,25.935,25.8,25.807,25.908,25.358,29.198,37.24,34.93,27.72,40.6,321.98,6.724,3.493,5.772,4.06,2.3,,
Weekend_Heatwave_June2026,WHJ2026,204,2026-06-28T00:58:20,2026-06-27T22:58:20.475Z,1018.34,DAY_1_RANDOM,RANDOM_EVERY_2H,OUTBOUND_OPEN_INBOUND_CLOSED,CLOSED,OPEN,CLOSED,OPEN,FALSE,NO_CHANGE_WAITING_NEXT_RANDOM_CHANGE,FALSE,1.432,TRUE,TRUE,150,1,25.817,26.826,29.762,29.863,29.683,29.549,28.189,27.583,27.527,26.266,,25.935,25.918,25.781,25.8,25.892,25.348,29.182,37.2,35.18,27.75,41.3,320.95,6.72,3.518,5.775,4.13,2.293,,
Weekend_Heatwave_June2026,WHJ2026,205,2026-06-28T01:08:20,2026-06-27T23:08:20.051Z,1028.34,DAY_1_RANDOM,RANDOM_EVERY_2H,OUTBOUND_OPEN_INBOUND_CLOSED,CLOSED,OPEN,CLOSED,OPEN,FALSE,NO_CHANGE_WAITING_NEXT_RANDOM_CHANGE,FALSE,1.595,TRUE,TRUE,150,1,25.79,26.783,29.726,29.827,29.618,29.493,28.173,27.56,27.475,26.216,,25.918,25.902,25.764,25.781,25.876,25.341,29.165,37.17,35.43,27.57,41.44,319.18,6.717,3.543,5.757,4.144,2.28,,
Weekend_Heatwave_June2026,WHJ2026,206,2026-06-28T01:18:20,2026-06-27T23:18:19.623Z,1038.34,DAY_1_RANDOM,RANDOM_EVERY_2H,OUTBOUND_OPEN_INBOUND_CLOSED,CLOSED,OPEN,CLOSED,OPEN,FALSE,NO_CHANGE_WAITING_NEXT_RANDOM_CHANGE,FALSE,2.059,TRUE,TRUE,150,1,25.758,26.741,29.693,29.795,29.575,29.441,28.146,27.527,27.501,26.197,,25.892,25.882,25.748,25.764,25.859,25.341,29.139,37.13,35.47,27.08,42.57,323.22,6.713,3.547,5.708,4.257,2.309,,
Weekend_Heatwave_June2026,WHJ2026,207,2026-06-28T01:28:20,2026-06-27T23:28:20.205Z,1048.34,DAY_1_RANDOM,RANDOM_EVERY_2H,OUTBOUND_OPEN_INBOUND_CLOSED,CLOSED,OPEN,CLOSED,OPEN,FALSE,NO_CHANGE_WAITING_NEXT_RANDOM_CHANGE,FALSE,2.03,TRUE,TRUE,150,1,25.722,26.698,29.66,29.742,29.441,29.391,28.123,27.507,27.507,26.216,,25.876,25.859,25.731,25.738,25.84,25.322,29.12,37.07,35.72,27.09,42.77,322.45,6.707,3.572,5.709,4.277,2.303,,
Weekend_Heatwave_June2026,WHJ2026,208,2026-06-28T01:38:20,2026-06-27T23:38:19.783Z,1058.34,DAY_1_RANDOM,RANDOM_EVERY_2H,OUTBOUND_OPEN_INBOUND_CLOSED,CLOSED,OPEN,CLOSED,OPEN,FALSE,NO_CHANGE_WAITING_NEXT_RANDOM_CHANGE,FALSE,2.303,TRUE,TRUE,150,1,25.695,26.655,29.627,29.703,29.483,29.349,28.104,27.484,27.484,26.164,,25.859,25.833,25.705,25.722,25.817,25.305,29.093,37.01,35.7,26.79,43.51,323.41,6.701,3.57,5.679,4.351,2.31,,
Weekend_Heatwave_June2026,WHJ2026,209,2026-06-28T01:48:20,2026-06-27T23:48:20.365Z,1068.34,DAY_1_RANDOM,RANDOM_EVERY_2H,OUTBOUND_OPEN_INBOUND_CLOSED,CLOSED,OPEN,CLOSED,OPEN,FALSE,NO_CHANGE_WAITING_NEXT_RANDOM_CHANGE,FALSE,2.43,TRUE,TRUE,150,1,25.663,26.613,29.591,29.677,29.467,29.316,28.081,27.458,27.409,26.112,,25.833,25.807,25.689,25.705,25.8,25.289,29.07,36.88,35.66,26.64,43.85,325.84,6.688,3.566,5.664,4.385,2.327,,
Weekend_Heatwave_June2026,WHJ2026,210,2026-06-28T01:58:20,2026-06-27T23:58:19.930Z,1078.34,DAY_1_RANDOM,RANDOM_EVERY_2H,OUTBOUND_OPEN_INBOUND_CLOSED,CLOSED,OPEN,CLOSED,OPEN,FALSE,NO_CHANGE_WAITING_NEXT_RANDOM_CHANGE,FALSE,2.561,TRUE,TRUE,150,1,25.63,26.57,29.559,29.644,29.398,29.274,28.064,27.432,27.357,26.075,,25.807,25.79,25.663,25.679,25.774,25.283,29.051,36.88,35.65,26.49,44.71,321.53,6.688,3.565,5.649,4.471,2.297,,
Weekend_Heatwave_June2026,WHJ2026,211,2026-06-28T02:08:29,2026-06-28T00:08:20.514Z,1088.49,DAY_1_RANDOM,RANDOM_EVERY_2H,OUTBOUND_CLOSED_INBOUND_OPEN,OPEN,CLOSED,OPEN,CLOSED,TRUE,RANDOM_STATE_EVERY_2H,FALSE,2.545,TRUE,TRUE,150,1,25.594,26.521,29.526,29.601,29.349,29.231,28.028,27.399,27.35,26.043,,25.781,25.764,25.636,25.656,25.758,25.256,29.025,36.8,35.76,26.48,44.4,321.06,6.68,3.576,5.648,4.44,2.293,,
Weekend_Heatwave_June2026,WHJ2026,212,2026-06-28T02:18:29,2026-06-28T00:18:29.092Z,1098.49,DAY_1_RANDOM,RANDOM_EVERY_2H,OUTBOUND_CLOSED_INBOUND_OPEN,OPEN,CLOSED,OPEN,CLOSED,FALSE,NO_CHANGE_WAITING_NEXT_RANDOM_CHANGE,FALSE,2.226,TRUE,TRUE,150,1,25.561,26.479,29.473,29.618,29.306,29.349,27.661,27.314,27.878,26.298,,25.748,25.738,25.587,25.613,25.715,25.145,28.966,36.44,34.11,26.74,44.76,314.93,6.644,3.411,5.674,4.476,2.249,,
Weekend_Heatwave_June2026,WHJ2026,213,2026-06-28T02:28:29,2026-06-28T00:28:28.677Z,1108.49,DAY_1_RANDOM,RANDOM_EVERY_2H,OUTBOUND_CLOSED_INBOUND_OPEN,OPEN,CLOSED,OPEN,CLOSED,FALSE,NO_CHANGE_WAITING_NEXT_RANDOM_CHANGE,FALSE,2.423,TRUE,TRUE,150,1,25.518,26.442,29.45,29.644,29.306,29.355,27.602,27.291,27.953,26.325,,25.715,25.695,25.545,25.571,25.672,25.086,28.913,36.26,34.75,26.49,45.94,316.83,6.626,3.475,5.649,4.594,2.263,,
Weekend_Heatwave_June2026,WHJ2026,214,2026-06-28T02:38:29,2026-06-28T00:38:28.250Z,1118.49,DAY_1_RANDOM,RANDOM_EVERY_2H,OUTBOUND_CLOSED_INBOUND_OPEN,OPEN,CLOSED,OPEN,CLOSED,FALSE,NO_CHANGE_WAITING_NEXT_RANDOM_CHANGE,FALSE,2.661,TRUE,TRUE,150,1,25.486,26.41,29.414,29.608,29.3,29.339,27.583,27.265,28.045,26.383,,25.679,25.656,25.502,25.528,25.636,25.033,28.871,36.12,35.06,26.21,46.65,314.44,6.612,3.506,5.621,4.665,2.246,,
Weekend_Heatwave_June2026,WHJ2026,215,2026-06-28T02:48:29,2026-06-28T00:48:28.832Z,1128.49,DAY_1_RANDOM,RANDOM_EVERY_2H,OUTBOUND_CLOSED_INBOUND_OPEN,OPEN,CLOSED,OPEN,CLOSED,FALSE,NO_CHANGE_WAITING_NEXT_RANDOM_CHANGE,FALSE,2.828,TRUE,TRUE,150,1,25.443,26.377,29.375,29.568,29.264,29.306,27.56,27.232,28.064,26.4,,25.646,25.62,25.459,25.486,25.594,24.991,28.838,36.01,35.35,26.01,48.24,314.01,6.601,3.535,5.601,4.824,2.243,,
Weekend_Heatwave_June2026,WHJ2026,216,2026-06-28T02:58:29,2026-06-28T00:58:28.408Z,1138.49,DAY_1_RANDOM,RANDOM_EVERY_2H,OUTBOUND_CLOSED_INBOUND_OPEN,OPEN,CLOSED,OPEN,CLOSED,FALSE,NO_CHANGE_WAITING_NEXT_RANDOM_CHANGE,FALSE,3.022,TRUE,TRUE,150,1,25.407,26.351,29.323,29.526,29.241,29.274,27.527,27.206,28.064,26.39,,25.613,25.587,25.417,25.45,25.551,24.948,28.802,35.88,35.54,25.78,49.27,318.86,6.588,3.554,5.578,4.927,2.278,,
Weekend_Heatwave_June2026,WHJ2026,217,2026-06-28T03:08:29,2026-06-28T01:08:28.994Z,1148.49,DAY_1_RANDOM,RANDOM_EVERY_2H,OUTBOUND_CLOSED_INBOUND_OPEN,OPEN,CLOSED,OPEN,CLOSED,FALSE,NO_CHANGE_WAITING_NEXT_RANDOM_CHANGE,FALSE,2.959,TRUE,TRUE,150,1,25.358,26.318,29.28,29.483,29.215,29.241,27.501,27.18,28.071,26.383,,25.577,25.551,25.384,25.407,25.528,24.909,28.769,35.77,35.65,25.81,50.25,317.6,6.577,3.565,5.581,5.025,2.269,,
Weekend_Heatwave_June2026,WHJ2026,218,2026-06-28T03:18:29,2026-06-28T01:18:28.572Z,1158.49,DAY_1_RANDOM,RANDOM_EVERY_2H,OUTBOUND_CLOSED_INBOUND_OPEN,OPEN,CLOSED,OPEN,CLOSED,FALSE,NO_CHANGE_WAITING_NEXT_RANDOM_CHANGE,FALSE,3.146,TRUE,TRUE,150,1,25.322,26.292,29.231,29.441,29.188,29.215,27.475,27.147,28.071,26.367,,25.535,25.518,25.348,25.374,25.486,24.866,28.736,35.67,35.86,25.59,50.98,320.52,6.567,3.586,5.559,5.098,2.289,,
Weekend_Heatwave_June2026,WHJ2026,219,2026-06-28T03:28:29,2026-06-28T01:28:29.147Z,1168.49,DAY_1_RANDOM,RANDOM_EVERY_2H,OUTBOUND_CLOSED_INBOUND_OPEN,OPEN,CLOSED,OPEN,CLOSED,FALSE,NO_CHANGE_WAITING_NEXT_RANDOM_CHANGE,FALSE,3.094,TRUE,TRUE,150,1,25.289,26.266,29.188,29.398,29.165,29.182,27.448,27.111,28.081,26.357,,25.509,25.486,25.315,25.341,25.45,24.824,28.694,35.25,35.87,25.6,50.51,316.49,6.525,3.587,5.56,5.051,2.261,,
Weekend_Heatwave_June2026,WHJ2026,220,2026-06-28T03:38:29,2026-06-28T01:38:28.731Z,1178.49,DAY_1_RANDOM,RANDOM_EVERY_2H,OUTBOUND_CLOSED_INBOUND_OPEN,OPEN,CLOSED,OPEN,CLOSED,FALSE,NO_CHANGE_WAITING_NEXT_RANDOM_CHANGE,FALSE,3.177,TRUE,TRUE,150,1,25.256,26.233,29.146,29.365,29.129,29.146,27.425,27.085,28.045,26.315,,25.476,25.45,25.283,25.305,25.427,24.781,28.667,35.47,35.99,25.49,51.01,318.35,6.547,3.599,5.549,5.101,2.274,,
Weekend_Heatwave_June2026,WHJ2026,221,2026-06-28T03:48:29,2026-06-28T01:48:28.514Z,1188.49,DAY_1_RANDOM,RANDOM_EVERY_2H,OUTBOUND_CLOSED_INBOUND_OPEN,OPEN,CLOSED,OPEN,CLOSED,FALSE,NO_CHANGE_WAITING_NEXT_RANDOM_CHANGE,FALSE,3.205,TRUE,TRUE,150,1,25.214,26.207,29.113,29.323,29.093,29.12,27.389,27.052,28.045,26.292,,25.443,25.417,25.246,25.283,25.391,24.745,28.635,35.36,36.02,25.43,50.22,314.29,6.536,3.602,5.543,5.022,2.245,,
Weekend_Heatwave_June2026,WHJ2026,222,2026-06-28T03:58:29,2026-06-28T01:58:28.886Z,1198.49,DAY_1_RANDOM,RANDOM_EVERY_2H,OUTBOUND_CLOSED_INBOUND_OPEN,OPEN,CLOSED,OPEN,CLOSED,FALSE,NO_CHANGE_WAITING_NEXT_RANDOM_CHANGE,FALSE,3.082,TRUE,TRUE,150,1,25.178,26.174,29.061,29.29,29.061,29.087,27.366,27.016,28.012,26.256,,25.407,25.391,25.214,25.24,25.348,24.712,28.602,35.28,36.04,25.52,50.02,314.29,6.528,3.604,5.552,5.002,2.245,,
Weekend_Heatwave_June2026,WHJ2026,223,2026-06-28T04:08:29,2026-06-28T02:08:28.456Z,1208.49,DAY_1_RANDOM,RANDOM_EVERY_2H,OUTBOUND_CLOSED_INBOUND_OPEN,OPEN,CLOSED,OPEN,CLOSED,FALSE,NO_CHANGE_RANDOM_STATE_EVERY_2H,FALSE,3.096,TRUE,TRUE,150,1,25.145,26.148,29.025,29.257,29.025,29.061,27.34,26.983,27.979,26.239,,25.364,25.348,25.178,25.204,25.315,24.67,28.566,35.16,36.1,25.47,51.33,313.99,6.516,3.61,5.547,5.133,2.243,,
Weekend_Heatwave_June2026,WHJ2026,224,2026-06-28T04:18:29,2026-06-28T02:18:29.038Z,1218.49,DAY_1_RANDOM,RANDOM_EVERY_2H,OUTBOUND_CLOSED_INBOUND_OPEN,OPEN,CLOSED,OPEN,CLOSED,FALSE,NO_CHANGE_WAITING_NEXT_RANDOM_CHANGE,FALSE,3.323,TRUE,TRUE,150,1,25.102,26.121,28.992,29.215,28.998,29.018,27.308,26.957,27.989,26.233,,25.341,25.315,25.145,25.171,25.283,24.637,28.533,35.06,36.19,25.21,51.27,316.66,6.506,3.619,5.521,5.127,2.262,,
Weekend_Heatwave_June2026,WHJ2026,225,2026-06-28T04:28:29,2026-06-28T02:28:28.623Z,1228.49,DAY_1_RANDOM,RANDOM_EVERY_2H,OUTBOUND_CLOSED_INBOUND_OPEN,OPEN,CLOSED,OPEN,CLOSED,FALSE,NO_CHANGE_WAITING_NEXT_RANDOM_CHANGE,FALSE,3.31,TRUE,TRUE,150,1,25.07,26.089,28.949,29.188,28.966,28.982,27.281,26.921,27.963,26.216,,25.305,25.289,25.112,25.135,25.256,24.594,28.5,34.95,36.22,25.19,51.24,315.1,6.495,3.622,5.519,5.124,2.251,,
Weekend_Heatwave_June2026,WHJ2026,226,2026-06-28T04:38:29,2026-06-28T02:38:29.206Z,1238.49,DAY_1_RANDOM,RANDOM_EVERY_2H,OUTBOUND_CLOSED_INBOUND_OPEN,OPEN,CLOSED,OPEN,CLOSED,FALSE,NO_CHANGE_WAITING_NEXT_RANDOM_CHANGE,FALSE,3.064,TRUE,TRUE,150,1,25.033,26.062,28.913,29.156,28.939,28.956,27.255,26.904,27.953,26.207,,25.273,25.256,25.076,25.102,25.22,24.568,28.464,34.86,36.31,25.4,50.26,314.18,6.486,3.631,5.54,5.026,2.244,,
Weekend_Heatwave_June2026,WHJ2026,227,2026-06-28T04:48:29,2026-06-28T02:48:28.783Z,1248.49,DAY_1_RANDOM,RANDOM_EVERY_2H,OUTBOUND_CLOSED_INBOUND_OPEN,OPEN,CLOSED,OPEN,CLOSED,FALSE,NO_CHANGE_WAITING_NEXT_RANDOM_CHANGE,FALSE,2.971,TRUE,TRUE,150,1,25.001,26.026,28.871,29.129,28.913,28.923,27.232,26.872,27.937,26.164,,25.24,25.22,25.053,25.07,25.187,24.526,28.431,34.76,36.29,25.46,50.37,315.23,6.476,3.629,5.546,5.037,2.252,,
Weekend_Heatwave_June2026,WHJ2026,228,2026-06-28T04:58:29,2026-06-28T02:58:28.354Z,1258.49,DAY_1_RANDOM,RANDOM_EVERY_2H,OUTBOUND_CLOSED_INBOUND_OPEN,OPEN,CLOSED,OPEN,CLOSED,FALSE,NO_CHANGE_WAITING_NEXT_RANDOM_CHANGE,FALSE,3.005,TRUE,TRUE,150,1,24.958,26.003,28.838,29.087,28.871,28.887,27.206,26.836,27.894,26.128,,25.204,25.187,25.017,25.043,25.155,24.493,28.395,34.68,36.33,25.39,49.97,312.21,6.468,3.633,5.539,4.997,2.23,,
Weekend_Heatwave_June2026,WHJ2026,229,2026-06-28T05:08:29,2026-06-28T03:08:28.938Z,1268.49,DAY_1_RANDOM,RANDOM_EVERY_2H,OUTBOUND_CLOSED_INBOUND_OPEN,OPEN,CLOSED,OPEN,CLOSED,FALSE,NO_CHANGE_WAITING_NEXT_RANDOM_CHANGE,FALSE,3.369,TRUE,TRUE,150,1,24.932,25.967,28.795,29.051,28.838,28.854,27.173,26.803,27.871,26.112,,25.178,25.155,24.975,25.011,25.119,24.457,28.369,34.56,36.26,25,50.15,311.36,6.456,3.626,5.5,5.015,2.224,,
Weekend_Heatwave_June2026,WHJ2026,230,2026-06-28T05:18:29,2026-06-28T03:18:28.510Z,1278.49,DAY_1_RANDOM,RANDOM_EVERY_2H,OUTBOUND_CLOSED_INBOUND_OPEN,OPEN,CLOSED,OPEN,CLOSED,FALSE,NO_CHANGE_WAITING_NEXT_RANDOM_CHANGE,FALSE,3.786,TRUE,TRUE,150,1,24.889,25.935,28.759,29.008,28.795,28.812,27.147,26.777,27.845,26.075,,25.135,25.129,24.948,24.975,25.086,24.424,28.336,34.46,36.3,24.55,52.28,315.18,6.446,3.63,5.455,5.228,2.251,,
Weekend_Heatwave_June2026,WHJ2026,231,2026-06-28T05:28:29,2026-06-28T03:28:29.099Z,1288.49,DAY_1_RANDOM,RANDOM_EVERY_2H,OUTBOUND_CLOSED_INBOUND_OPEN,OPEN,CLOSED,OPEN,CLOSED,FALSE,NO_CHANGE_WAITING_NEXT_RANDOM_CHANGE,FALSE,3.42,TRUE,TRUE,150,1,24.857,25.902,28.726,28.975,28.759,28.779,27.121,26.744,27.845,26.075,,25.102,25.096,24.916,24.942,25.053,24.398,28.3,34.36,36.36,24.88,50.95,313.69,6.436,3.636,5.488,5.095,2.241,,
Weekend_Heatwave_June2026,WHJ2026,232,2026-06-28T05:38:29,2026-06-28T03:38:28.662Z,1298.49,DAY_1_RANDOM,RANDOM_EVERY_2H,OUTBOUND_CLOSED_INBOUND_OPEN,OPEN,CLOSED,OPEN,CLOSED,FALSE,NO_CHANGE_WAITING_NEXT_RANDOM_CHANGE,FALSE,3.048,TRUE,TRUE,150,1,24.824,25.876,28.694,28.929,28.72,28.743,27.095,26.718,27.819,26.075,,25.07,25.06,24.883,24.909,25.027,24.365,28.268,34.26,36.39,25.22,50.27,311.6,6.426,3.639,5.522,5.027,2.226,,
Weekend_Heatwave_June2026,WHJ2026,233,2026-06-28T05:48:29,2026-06-28T03:48:29.238Z,1308.49,DAY_1_RANDOM,RANDOM_EVERY_2H,OUTBOUND_CLOSED_INBOUND_OPEN,OPEN,CLOSED,OPEN,CLOSED,FALSE,NO_CHANGE_WAITING_NEXT_RANDOM_CHANGE,FALSE,3.132,TRUE,TRUE,150,1,24.788,25.84,28.651,28.897,28.694,28.694,27.068,26.701,27.819,26.102,,25.033,25.027,24.857,24.873,24.991,24.332,28.232,34.17,36.35,25.1,51.06,312.41,6.417,3.635,5.51,5.106,2.231,,
Weekend_Heatwave_June2026,WHJ2026,234,2026-06-28T05:58:29,2026-06-28T03:58:28.814Z,1318.49,DAY_1_RANDOM,RANDOM_EVERY_2H,OUTBOUND_CLOSED_INBOUND_OPEN,OPEN,CLOSED,OPEN,CLOSED,FALSE,NO_CHANGE_WAITING_NEXT_RANDOM_CHANGE,FALSE,3.015,TRUE,TRUE,150,1,24.755,25.817,28.618,28.861,28.651,28.661,27.052,26.678,27.743,26.049,,25.011,25.001,24.824,24.847,24.958,24.296,28.205,34.08,36.44,25.19,51.23,316.47,6.408,3.644,5.519,5.123,2.26,,
Weekend_Heatwave_June2026,WHJ2026,235,2026-06-28T06:08:37,2026-06-28T04:08:28.385Z,1328.63,DAY_1_RANDOM,RANDOM_EVERY_2H,ALL_OPEN,OPEN,OPEN,OPEN,OPEN,TRUE,RANDOM_STATE_EVERY_2H,FALSE,2.873,TRUE,TRUE,150,1,24.722,25.781,28.585,28.828,28.618,28.625,27.042,26.659,27.694,26.026,,24.975,24.968,24.788,24.814,24.925,24.273,28.173,33.99,36.3,25.3,51.26,317.51,6.399,3.63,5.53,5.126,2.268,,
Weekend_Heatwave_June2026,WHJ2026,236,2026-06-28T06:18:37,2026-06-28T04:18:36.975Z,1338.63,DAY_1_RANDOM,RANDOM_EVERY_2H,ALL_OPEN,OPEN,OPEN,OPEN,OPEN,FALSE,NO_CHANGE_WAITING_NEXT_RANDOM_CHANGE,FALSE,2.93,TRUE,TRUE,150,1,24.696,25.748,28.549,28.795,28.336,28.31,26.983,26.619,27.442,25.862,,24.942,24.932,24.755,24.788,24.899,24.231,28.14,33.89,35.66,25.21,51.07,318.88,6.389,3.566,5.521,5.107,2.278,,
Weekend_Heatwave_June2026,WHJ2026,237,2026-06-28T06:28:37,2026-06-28T04:28:37.554Z,1348.63,DAY_1_RANDOM,RANDOM_EVERY_2H,ALL_OPEN,OPEN,OPEN,OPEN,OPEN,FALSE,NO_CHANGE_WAITING_NEXT_RANDOM_CHANGE,FALSE,3.214,TRUE,TRUE,150,1,24.66,25.715,28.5,28.753,28.232,28.064,26.973,26.577,27.281,25.804,,24.909,24.909,24.722,24.755,24.866,24.204,28.104,33.84,35.39,24.89,53.01,317.73,6.384,3.539,5.489,5.301,2.269,,
Weekend_Heatwave_June2026,WHJ2026,238,2026-06-28T06:38:37,2026-06-28T04:38:37.134Z,1358.63,DAY_1_RANDOM,RANDOM_EVERY_2H,ALL_OPEN,OPEN,OPEN,OPEN,OPEN,FALSE,NO_CHANGE_WAITING_NEXT_RANDOM_CHANGE,FALSE,3.621,TRUE,TRUE,150,1,24.627,25.689,28.458,28.71,27.812,27.871,26.921,26.56,27.222,25.846,,24.883,24.873,24.696,24.722,24.83,24.172,28.081,33.72,35.66,24.46,55.92,320.4,6.372,3.566,5.446,5.592,2.289,,
Weekend_Heatwave_June2026,WHJ2026,239,2026-06-28T06:48:37,2026-06-28T04:48:37.706Z,1368.63,DAY_1_RANDOM,RANDOM_EVERY_2H,ALL_OPEN,OPEN,OPEN,OPEN,OPEN,FALSE,NO_CHANGE_WAITING_NEXT_RANDOM_CHANGE,FALSE,3.445,TRUE,TRUE,150,1,24.601,25.656,28.395,28.651,27.989,27.819,26.878,26.524,27.127,25.771,,24.847,24.84,24.66,24.686,24.804,24.136,28.045,33.63,35.74,24.6,55.5,324.31,6.363,3.574,5.46,5.55,2.316,,
Weekend_Heatwave_June2026,WHJ2026,240,2026-06-28T06:58:37,2026-06-28T04:58:37.292Z,1378.63,DAY_1_RANDOM,RANDOM_EVERY_2H,ALL_OPEN,OPEN,OPEN,OPEN,OPEN,FALSE,NO_CHANGE_WAITING_NEXT_RANDOM_CHANGE,FALSE,3.202,TRUE,TRUE,150,1,24.568,25.613,28.336,28.585,28.104,27.979,26.829,26.492,27.127,25.718,,24.814,24.814,24.627,24.66,24.771,24.113,28.012,33.52,35.82,24.81,54.92,326.83,6.352,3.582,5.481,5.492,2.334,,
Weekend_Heatwave_June2026,WHJ2026,241,2026-06-28T07:08:37,2026-06-28T05:08:37.860Z,1388.63,DAY_1_RANDOM,RANDOM_EVERY_2H,ALL_OPEN,OPEN,OPEN,OPEN,OPEN,FALSE,NO_CHANGE_WAITING_NEXT_RANDOM_CHANGE,FALSE,2.669,TRUE,TRUE,150,1,24.535,25.577,28.294,28.526,28.146,28.045,26.793,26.459,27.095,25.695,,24.788,24.781,24.601,24.627,24.739,24.077,27.979,33.44,35.84,25.31,52.88,331.01,6.344,3.584,5.531,5.288,2.364,,
Weekend_Heatwave_June2026,WHJ2026,242,2026-06-28T07:18:37,2026-06-28T05:18:37.439Z,1398.63,DAY_1_RANDOM,RANDOM_EVERY_2H,ALL_OPEN,OPEN,OPEN,OPEN,OPEN,FALSE,NO_CHANGE_WAITING_NEXT_RANDOM_CHANGE,FALSE,2.573,TRUE,TRUE,150,1,24.509,25.545,28.268,28.5,27.835,27.652,26.787,26.442,27.085,25.787,,24.755,24.755,24.568,24.601,24.712,24.054,27.953,33.32,36.02,25.38,53.57,330.76,6.332,3.602,5.538,5.357,2.363,,
Weekend_Heatwave_June2026,WHJ2026,243,2026-06-28T07:28:37,2026-06-28T05:28:37.016Z,1408.63,DAY_1_RANDOM,RANDOM_EVERY_2H,ALL_OPEN,OPEN,OPEN,OPEN,OPEN,FALSE,NO_CHANGE_WAITING_NEXT_RANDOM_CHANGE,FALSE,2.31,TRUE,TRUE,150,1,24.476,25.509,28.225,28.458,27.845,27.576,26.77,26.426,27.068,25.761,,24.729,24.722,24.542,24.568,24.68,24.028,27.92,33.27,36.09,25.61,52.08,329.54,6.327,3.609,5.561,5.208,2.354,,
Weekend_Heatwave_June2026,WHJ2026,244,2026-06-28T07:38:37,2026-06-28T05:38:37.595Z,1418.63,DAY_1_RANDOM,RANDOM_EVERY_2H,ALL_OPEN,OPEN,OPEN,OPEN,OPEN,FALSE,NO_CHANGE_WAITING_NEXT_RANDOM_CHANGE,FALSE,1.944,TRUE,TRUE,150,1,24.45,25.476,28.182,28.389,28.104,27.937,26.744,26.4,27.095,25.735,,24.696,24.696,24.516,24.542,24.653,24.001,27.894,33.19,36.09,25.95,51.13,334.86,6.319,3.609,5.595,5.113,2.392,,
Weekend_Heatwave_June2026,WHJ2026,245,2026-06-28T07:48:37,2026-06-28T05:48:37.175Z,1428.63,DAY_1_RANDOM,RANDOM_EVERY_2H,ALL_OPEN,OPEN,OPEN,OPEN,OPEN,FALSE,NO_CHANGE_WAITING_NEXT_RANDOM_CHANGE,FALSE,1.891,TRUE,TRUE,150,1,24.424,25.443,28.146,28.363,27.566,27.652,26.744,26.39,27.127,25.846,,24.66,24.66,24.483,24.516,24.627,23.978,27.871,33.12,36.25,25.98,52,335.97,6.312,3.625,5.598,5.2,2.4,,
Weekend_Heatwave_June2026,WHJ2026,246,2026-06-28T07:58:37,2026-06-28T05:58:37.750Z,1438.63,DAY_1_RANDOM,RANDOM_EVERY_2H,ALL_OPEN,OPEN,OPEN,OPEN,OPEN,FALSE,NO_CHANGE_WAITING_NEXT_RANDOM_CHANGE,FALSE,1.285,TRUE,TRUE,150,1,24.391,25.4,28.114,28.31,27.871,27.819,26.744,26.383,27.19,25.83,,24.637,24.644,24.457,24.493,24.594,23.952,27.855,32.9,36.39,26.57,49.89,339.2,6.29,3.639,5.657,4.989,2.423,,
Weekend_Heatwave_June2026,WHJ2026,247,2026-06-28T08:08:46,2026-06-28T06:08:37.340Z,1448.78,DAY_2_CONTROLLED,HEATWAVE_RULE_BASED,OUTBOUND_OPEN_INBOUND_CLOSED,CLOSED,OPEN,CLOSED,OPEN,TRUE,DAY_HIGH_RADIATION_OUTBOUND_OPEN,TRUE,0.919,TRUE,FALSE,150,1,24.365,25.364,28.081,28.284,27.711,27.717,26.744,26.383,27.216,25.905,,24.611,24.617,24.44,24.467,24.568,23.936,27.819,32.97,36.47,26.9,48.8,347.31,6.297,3.647,5.69,4.88,2.481,,
Weekend_Heatwave_June2026,WHJ2026,248,2026-06-28T08:18:46,2026-06-28T06:18:45.913Z,1458.78,DAY_2_CONTROLLED,HEATWAVE_RULE_BASED,OUTBOUND_OPEN_INBOUND_CLOSED,CLOSED,OPEN,CLOSED,OPEN,FALSE,NO_CHANGE_DAY_HIGH_RADIATION_OUTBOUND_OPEN,TRUE,0.359,TRUE,FALSE,150,1,24.349,25.332,28.182,28.336,27.684,27.711,26.931,26.426,27.314,26.007,,24.594,24.594,24.424,24.45,24.552,23.936,27.819,33.14,36.64,27.46,47.35,354.13,6.314,3.664,5.746,4.735,2.529,,
Weekend_Heatwave_June2026,WHJ2026,249,2026-06-28T08:28:46,2026-06-28T06:28:46.501Z,1468.78,DAY_2_CONTROLLED,HEATWAVE_RULE_BASED,OUTBOUND_OPEN_INBOUND_CLOSED,CLOSED,OPEN,CLOSED,OPEN,FALSE,NO_CHANGE_DAY_HIGH_RADIATION_OUTBOUND_OPEN,TRUE,0.102,TRUE,FALSE,150,1,24.322,25.299,28.156,28.31,27.861,27.684,26.973,26.449,27.35,26.016,,24.568,24.578,24.417,24.44,24.535,23.942,27.812,33.16,36.73,27.71,46.9,342.23,6.316,3.673,5.771,4.69,2.444,,
Weekend_Heatwave_June2026,WHJ2026,250,2026-06-28T08:38:46,2026-06-28T06:38:46.074Z,1478.78,DAY_2_CONTROLLED,HEATWAVE_RULE_BASED,OUTBOUND_OPEN_INBOUND_CLOSED,CLOSED,OPEN,CLOSED,OPEN,FALSE,NO_CHANGE_DAY_HIGH_RADIATION_OUTBOUND_OPEN,TRUE,-0.184,TRUE,FALSE,150,1,24.306,25.256,28.14,28.274,27.786,27.593,27.016,26.485,27.409,26.102,,24.552,24.558,24.408,24.424,24.516,23.936,27.796,32.97,36.85,27.98,45.99,352.55,6.297,3.685,5.798,4.599,2.518,,
Weekend_Heatwave_June2026,WHJ2026,251,2026-06-28T08:48:46,2026-06-28T06:48:45.658Z,1488.78,DAY_2_CONTROLLED,HEATWAVE_RULE_BASED,OUTBOUND_OPEN_INBOUND_CLOSED,CLOSED,OPEN,CLOSED,OPEN,FALSE,NO_CHANGE_DAY_HIGH_RADIATION_OUTBOUND_OPEN,TRUE,-0.504,TRUE,FALSE,150,1,24.29,25.22,28.114,28.251,27.717,27.77,27.052,26.501,27.56,26.154,,24.535,24.542,24.391,24.417,24.499,23.952,27.776,33.16,36.98,28.28,45.23,357.01,6.316,3.698,5.828,4.523,2.55,,
Weekend_Heatwave_June2026,WHJ2026,252,2026-06-28T08:58:46,2026-06-28T06:58:46.244Z,1498.78,DAY_2_CONTROLLED,HEATWAVE_RULE_BASED,OUTBOUND_OPEN_INBOUND_CLOSED,CLOSED,OPEN,CLOSED,OPEN,FALSE,NO_CHANGE_DAY_HIGH_RADIATION_OUTBOUND_OPEN,TRUE,-0.95,TRUE,FALSE,150,1,24.273,25.187,28.104,28.232,27.711,27.609,27.095,26.534,27.566,26.233,,24.516,24.535,24.375,24.398,24.493,23.952,27.77,33.15,37.09,28.72,44.58,354.06,6.315,3.709,5.872,4.458,2.529,,
Weekend_Heatwave_June2026,WHJ2026,253,2026-06-28T09:08:46,2026-06-28T07:08:45.804Z,1508.78,DAY_2_CONTROLLED,HEATWAVE_RULE_BASED,OUTBOUND_OPEN_INBOUND_CLOSED,CLOSED,OPEN,CLOSED,OPEN,FALSE,NO_CHANGE_DAY_HIGH_RADIATION_OUTBOUND_OPEN,TRUE,-1.177,TRUE,FALSE,150,1,24.257,25.145,28.097,28.215,27.737,27.77,27.127,26.567,27.652,26.266,,24.499,24.509,24.355,24.381,24.476,23.952,27.753,33.14,37.15,28.93,44.14,355.43,6.314,3.715,5.893,4.414,2.539,,
Weekend_Heatwave_June2026,WHJ2026,254,2026-06-28T09:18:46,2026-06-28T07:18:46.392Z,1518.78,DAY_2_CONTROLLED,HEATWAVE_RULE_BASED,OUTBOUND_OPEN_INBOUND_CLOSED,CLOSED,OPEN,CLOSED,OPEN,FALSE,NO_CHANGE_DAY_HIGH_RADIATION_OUTBOUND_OPEN,TRUE,-1.493,TRUE,FALSE,150,1,24.237,25.119,28.081,28.199,27.855,27.861,27.173,26.593,27.802,26.292,,24.483,24.499,24.349,24.375,24.457,23.959,27.737,33.13,37.22,29.23,43.01,359.6,6.313,3.722,5.923,4.301,2.569,,
Weekend_Heatwave_June2026,WHJ2026,255,2026-06-28T09:28:46,2026-06-28T07:28:45.957Z,1528.78,DAY_2_CONTROLLED,HEATWAVE_RULE_BASED,OUTBOUND_OPEN_INBOUND_CLOSED,CLOSED,OPEN,CLOSED,OPEN,FALSE,NO_CHANGE_DAY_HIGH_RADIATION_OUTBOUND_OPEN,TRUE,-2.043,TRUE,FALSE,150,1,24.231,25.086,28.071,28.182,27.904,27.91,27.206,26.626,27.845,26.367,,24.467,24.483,24.339,24.365,24.45,23.959,27.727,33.12,37.29,29.77,38.97,383.31,6.312,3.729,5.977,3.897,2.738,,
Weekend_Heatwave_June2026,WHJ2026,256,2026-06-28T09:38:46,2026-06-28T07:38:46.538Z,1538.78,DAY_2_CONTROLLED,HEATWAVE_RULE_BASED,OUTBOUND_OPEN_INBOUND_CLOSED,CLOSED,OPEN,CLOSED,OPEN,FALSE,NO_CHANGE_DAY_HIGH_RADIATION_OUTBOUND_OPEN,TRUE,-2.753,TRUE,FALSE,150,1,24.214,25.053,28.055,28.163,27.91,27.937,27.239,26.652,27.937,26.465,,24.45,24.476,24.332,24.355,24.434,23.969,27.717,33.11,37.37,30.47,37.79,387.6,6.311,3.737,6.047,3.779,2.769,,
Weekend_Heatwave_June2026,WHJ2026,257,2026-06-28T09:48:46,2026-06-28T07:48:46.101Z,1548.78,DAY_2_CONTROLLED,HEATWAVE_RULE_BASED,OUTBOUND_OPEN_INBOUND_CLOSED,CLOSED,OPEN,CLOSED,OPEN,FALSE,NO_CHANGE_DAY_HIGH_RADIATION_OUTBOUND_OPEN,TRUE,-3.329,TRUE,FALSE,150,1,24.204,25.027,28.045,28.146,27.937,27.969,27.281,26.685,28.064,26.6,,24.44,24.467,24.322,24.349,24.424,23.969,27.711,33.09,37.51,31.04,36.9,384.78,6.309,3.751,6.104,3.69,2.748,,
Weekend_Heatwave_June2026,WHJ2026,258,2026-06-28T09:58:46,2026-06-28T07:58:45.686Z,1558.78,DAY_2_CONTROLLED,HEATWAVE_RULE_BASED,OUTBOUND_OPEN_INBOUND_CLOSED,CLOSED,OPEN,CLOSED,OPEN,FALSE,NO_CHANGE_DAY_HIGH_RADIATION_OUTBOUND_OPEN,TRUE,-3.479,TRUE,FALSE,150,1,24.198,24.991,28.045,28.146,27.969,27.996,27.334,26.728,28.189,26.685,,24.424,24.457,24.316,24.339,24.417,23.969,27.701,33.09,37.6,31.18,37.31,396.47,6.309,3.76,6.118,3.731,2.832,,
Weekend_Heatwave_June2026,WHJ2026,259,2026-06-28T10:08:46,2026-06-28T08:08:46.256Z,1568.78,DAY_2_CONTROLLED,HEATWAVE_RULE_BASED,OUTBOUND_OPEN_INBOUND_CLOSED,CLOSED,OPEN,CLOSED,OPEN,FALSE,NO_CHANGE_DAY_HIGH_RADIATION_OUTBOUND_OPEN,TRUE,-3.626,TRUE,FALSE,150,1,24.198,24.968,28.045,28.146,27.904,28.028,27.383,26.76,28.268,26.754,,24.417,24.457,24.306,24.332,24.408,23.978,27.694,33.09,37.68,31.32,36.88,378.16,6.309,3.768,6.132,3.688,2.701,,
Weekend_Heatwave_June2026,WHJ2026,260,2026-06-28T10:18:46,2026-06-28T08:18:45.826Z,1578.78,DAY_2_CONTROLLED,HEATWAVE_RULE_BASED,OUTBOUND_OPEN_INBOUND_CLOSED,CLOSED,OPEN,CLOSED,OPEN,FALSE,NO_CHANGE_DAY_HIGH_RADIATION_OUTBOUND_OPEN,TRUE,-3.766,TRUE,FALSE,150,1,24.198,24.948,28.064,28.146,28.028,28.232,27.425,26.803,28.31,26.829,,24.408,24.45,24.306,24.322,24.408,23.985,27.694,33.09,37.74,31.46,36.96,427.38,6.309,3.774,6.146,3.696,3.053,,
Weekend_Heatwave_June2026,WHJ2026,261,2026-06-28T10:28:46,2026-06-28T08:28:46.405Z,1588.78,DAY_2_CONTROLLED,HEATWAVE_RULE_BASED,OUTBOUND_OPEN_INBOUND_CLOSED,CLOSED,OPEN,CLOSED,OPEN,FALSE,NO_CHANGE_DAY_HIGH_RADIATION_OUTBOUND_OPEN,TRUE,-4.159,TRUE,FALSE,150,1,24.198,24.932,28.097,28.156,28.533,28.422,27.475,26.846,28.474,27.275,,24.408,24.457,24.306,24.322,24.408,23.995,27.701,33.13,37.92,31.86,35.87,726.69,6.313,3.792,6.186,3.587,5.191,,
Weekend_Heatwave_June2026,WHJ2026,262,2026-06-28T10:38:46,2026-06-28T08:38:45.962Z,1598.78,DAY_2_CONTROLLED,HEATWAVE_RULE_BASED,OUTBOUND_OPEN_INBOUND_CLOSED,CLOSED,OPEN,CLOSED,OPEN,FALSE,NO_CHANGE_DAY_HIGH_RADIATION_OUTBOUND_OPEN,TRUE,-4.799,TRUE,FALSE,150,1,24.204,24.932,28.189,28.189,28.844,28.759,27.534,26.914,28.795,27.625,,24.408,24.457,24.306,24.332,24.398,23.995,27.701,33.15,37.99,32.5,34.23,796.1,6.315,3.799,6.25,3.423,5.686,,
Weekend_Heatwave_June2026,WHJ2026,263,2026-06-28T10:48:46,2026-06-28T08:48:46.544Z,1608.78,DAY_2_CONTROLLED,HEATWAVE_RULE_BASED,OUTBOUND_OPEN_INBOUND_CLOSED,CLOSED,OPEN,CLOSED,OPEN,FALSE,NO_CHANGE_DAY_HIGH_RADIATION_OUTBOUND_OPEN,TRUE,-5.519,TRUE,FALSE,150,1,24.231,24.925,28.199,28.274,29.231,29.198,27.602,27,29.12,27.861,,24.398,24.457,24.306,24.332,24.408,24.011,27.711,33.17,38.08,33.23,32.73,614.54,6.317,3.808,6.323,3.273,4.39,,
Weekend_Heatwave_June2026,WHJ2026,264,2026-06-28T10:58:46,2026-06-28T08:58:46.111Z,1618.78,DAY_2_CONTROLLED,HEATWAVE_RULE_BASED,OUTBOUND_OPEN_INBOUND_CLOSED,CLOSED,OPEN,CLOSED,OPEN,FALSE,NO_CHANGE_DAY_HIGH_RADIATION_OUTBOUND_OPEN,TRUE,-5.669,TRUE,FALSE,150,1,24.257,24.932,28.284,28.336,29.316,29.103,27.678,27.085,29.257,27.953,,24.398,24.467,24.306,24.339,24.408,24.018,27.711,33.2,38.15,33.38,33.48,625.67,6.32,3.815,6.338,3.348,4.469,,
Weekend_Heatwave_June2026,WHJ2026,265,2026-06-28T11:08:46,2026-06-28T09:08:45.901Z,1628.78,DAY_2_CONTROLLED,HEATWAVE_RULE_BASED,OUTBOUND_OPEN_INBOUND_CLOSED,CLOSED,OPEN,CLOSED,OPEN,FALSE,NO_CHANGE_DAY_HIGH_RADIATION_OUTBOUND_OPEN,TRUE,-5.519,TRUE,FALSE,150,1,24.273,24.948,28.336,28.415,29.241,29.241,27.753,27.173,29.349,27.946,,24.398,24.476,24.316,24.339,24.417,24.028,27.711,33.23,38.25,33.23,32.84,671.98,6.323,3.825,6.323,3.284,4.8,,
Weekend_Heatwave_June2026,WHJ2026,266,2026-06-28T11:18:46,2026-06-28T09:18:46.259Z,1638.78,DAY_2_CONTROLLED,HEATWAVE_RULE_BASED,OUTBOUND_OPEN_INBOUND_CLOSED,CLOSED,OPEN,CLOSED,OPEN,FALSE,NO_CHANGE_DAY_HIGH_RADIATION_OUTBOUND_OPEN,TRUE,-6.393,TRUE,FALSE,150,1,24.306,24.975,28.422,28.559,29.821,29.601,27.845,27.255,29.559,28.274,,24.398,24.483,24.322,24.355,24.417,24.044,27.737,33.28,38.29,34.13,31.33,815.65,6.328,3.829,6.413,3.133,5.826,,
Weekend_Heatwave_June2026,WHJ2026,267,2026-06-28T11:28:46,2026-06-28T09:28:45.839Z,1648.78,DAY_2_CONTROLLED,HEATWAVE_RULE_BASED,OUTBOUND_OPEN_INBOUND_CLOSED,CLOSED,OPEN,CLOSED,OPEN,FALSE,NO_CHANGE_DAY_HIGH_RADIATION_OUTBOUND_OPEN,TRUE,-6.447,TRUE,FALSE,150,1,24.339,25.017,28.526,28.625,29.958,29.457,27.93,27.334,29.709,28.464,,24.408,24.499,24.332,24.365,24.434,24.06,27.743,33.32,38.4,34.19,32.46,798.6,6.332,3.84,6.419,3.246,5.704,,
Weekend_Heatwave_June2026,WHJ2026,268,2026-06-28T11:38:46,2026-06-28T09:38:46.420Z,1658.78,DAY_2_CONTROLLED,HEATWAVE_RULE_BASED,OUTBOUND_OPEN_INBOUND_CLOSED,CLOSED,OPEN,CLOSED,OPEN,FALSE,NO_CHANGE_DAY_HIGH_RADIATION_OUTBOUND_OPEN,TRUE,-6.88,TRUE,FALSE,150,1,24.381,25.06,28.635,28.871,30.381,30.001,28.012,27.425,29.88,28.625,,24.417,24.516,24.349,24.381,24.45,24.077,27.77,33.39,38.41,34.65,31.26,760.74,6.339,3.841,6.465,3.126,5.434,,
Weekend_Heatwave_June2026,WHJ2026,269,2026-06-28T11:48:46,2026-06-28T09:48:46.194Z,1668.78,DAY_2_CONTROLLED,HEATWAVE_RULE_BASED,OUTBOUND_OPEN_INBOUND_CLOSED,CLOSED,OPEN,CLOSED,OPEN,FALSE,NO_CHANGE_DAY_HIGH_RADIATION_OUTBOUND_OPEN,TRUE,-6.944,TRUE,FALSE,150,1,24.417,25.119,28.743,28.956,30.322,30.096,28.087,27.517,30.06,28.795,,24.424,24.535,24.365,24.398,24.457,24.103,27.786,33.45,38.56,34.73,30.9,780.61,6.345,3.856,6.473,3.09,5.576,,
Weekend_Heatwave_June2026,WHJ2026,270,2026-06-28T11:58:46,2026-06-28T09:58:46.575Z,1678.78,DAY_2_CONTROLLED,HEATWAVE_RULE_BASED,OUTBOUND_OPEN_INBOUND_CLOSED,CLOSED,OPEN,CLOSED,OPEN,FALSE,NO_CHANGE_DAY_HIGH_RADIATION_OUTBOUND_OPEN,TRUE,-6.658,TRUE,FALSE,150,1,24.476,25.187,28.838,28.966,30.017,29.854,28.189,27.609,30.198,29.025,,24.44,24.568,24.381,24.417,24.476,24.129,27.802,33.52,38.62,34.46,30.95,871.02,6.352,3.862,6.446,3.095,6.222,,
Weekend_Heatwave_June2026,WHJ2026,271,2026-06-28T12:08:46,2026-06-28T10:08:46.148Z,1688.78,DAY_2_CONTROLLED,HEATWAVE_RULE_BASED,OUTBOUND_OPEN_INBOUND_CLOSED,CLOSED,OPEN,CLOSED,OPEN,FALSE,NO_CHANGE_DAY_HIGH_RADIATION_OUTBOUND_OPEN,TRUE,-7.251,TRUE,FALSE,150,1,24.516,25.263,28.998,29.231,30.519,30.316,28.274,27.701,30.338,29.093,,24.457,24.585,24.408,24.434,24.499,24.146,27.829,33.6,38.69,35.08,29.73,806.95,6.36,3.869,6.508,2.973,5.764,,
Weekend_Heatwave_June2026,WHJ2026,272,2026-06-28T12:18:46,2026-06-28T10:18:45.729Z,1698.78,DAY_2_CONTROLLED,HEATWAVE_RULE_BASED,OUTBOUND_OPEN_INBOUND_CLOSED,CLOSED,OPEN,CLOSED,OPEN,FALSE,NO_CHANGE_DAY_HIGH_RADIATION_OUTBOUND_OPEN,TRUE,-7.705,TRUE,FALSE,150,1,24.568,25.348,29.146,29.391,30.987,30.338,28.363,27.802,30.417,29.103,,24.476,24.617,24.424,24.457,24.516,24.172,27.855,33.67,38.75,35.56,28.6,544.64,6.367,3.875,6.556,2.86,3.89,,
Weekend_Heatwave_June2026,WHJ2026,273,2026-06-28T12:28:46,2026-06-28T10:28:46.290Z,1708.78,DAY_2_CONTROLLED,HEATWAVE_RULE_BASED,OUTBOUND_OPEN_INBOUND_CLOSED,CLOSED,OPEN,CLOSED,OPEN,FALSE,NO_CHANGE_DAY_HIGH_RADIATION_OUTBOUND_OPEN,TRUE,-8.402,TRUE,FALSE,150,1,24.627,25.443,29.274,29.693,31.181,30.896,28.438,27.871,30.551,29.231,,24.493,24.644,24.45,24.483,24.542,24.204,27.878,33.78,38.81,36.28,27.45,788.22,6.378,3.881,6.628,2.745,5.63,,
Weekend_Heatwave_June2026,WHJ2026,274,2026-06-28T12:38:46,2026-06-28T10:38:45.879Z,1718.78,DAY_2_CONTROLLED,HEATWAVE_RULE_BASED,OUTBOUND_OPEN_INBOUND_CLOSED,CLOSED,OPEN,CLOSED,OPEN,FALSE,NO_CHANGE_DAY_HIGH_RADIATION_OUTBOUND_OPEN,TRUE,-8.996,TRUE,FALSE,150,1,24.68,25.545,29.365,29.811,31.272,30.994,28.517,27.937,30.561,29.231,,24.509,24.68,24.476,24.509,24.578,24.231,27.904,33.88,38.91,36.9,26.36,718.38,6.388,3.891,6.69,2.636,5.131,,
Weekend_Heatwave_June2026,WHJ2026,275,2026-06-28T12:48:46,2026-06-28T10:48:46.446Z,1728.78,DAY_2_CONTROLLED,HEATWAVE_RULE_BASED,OUTBOUND_OPEN_INBOUND_CLOSED,CLOSED,OPEN,CLOSED,OPEN,FALSE,NO_CHANGE_DAY_HIGH_RADIATION_OUTBOUND_OPEN,TRUE,-9.533,TRUE,FALSE,150,1,24.722,25.646,29.483,30.001,31.518,31.171,28.592,28.022,30.689,29.408,,24.535,24.712,24.509,24.535,24.601,24.263,27.937,33.94,38.98,37.47,25.69,746.71,6.394,3.898,6.747,2.569,5.334,,
Weekend_Heatwave_June2026,WHJ2026,276,2026-06-28T12:58:46,2026-06-28T10:58:46.026Z,1738.78,DAY_2_CONTROLLED,HEATWAVE_RULE_BASED,OUTBOUND_OPEN_INBOUND_CLOSED,CLOSED,OPEN,CLOSED,OPEN,FALSE,NO_CHANGE_DAY_HIGH_RADIATION_OUTBOUND_OPEN,TRUE,-9.811,TRUE,FALSE,150,1,24.771,25.748,29.532,29.958,31.534,31.105,28.677,28.087,30.928,29.601,,24.568,24.755,24.542,24.578,24.627,24.296,27.979,34.05,39.01,37.79,25.55,652.8,6.405,3.901,6.779,2.555,4.663,,
Weekend_Heatwave_June2026,WHJ2026,277,2026-06-28T13:08:46,2026-06-28T11:08:46.596Z,1748.78,DAY_2_CONTROLLED,HEATWAVE_RULE_BASED,OUTBOUND_OPEN_INBOUND_CLOSED,CLOSED,OPEN,CLOSED,OPEN,FALSE,NO_CHANGE_DAY_HIGH_RADIATION_OUTBOUND_OPEN,TRUE,-9.435,TRUE,FALSE,150,1,24.824,25.859,29.644,30.086,31.544,31.164,28.753,28.173,31.004,29.549,,24.594,24.788,24.568,24.601,24.66,24.332,28.005,34.15,39.1,37.44,25.64,673.56,6.415,3.91,6.744,2.564,4.811,,
Weekend_Heatwave_June2026,WHJ2026,278,2026-06-28T13:18:46,2026-06-28T11:18:46.163Z,1758.78,DAY_2_CONTROLLED,HEATWAVE_RULE_BASED,OUTBOUND_OPEN_INBOUND_CLOSED,CLOSED,OPEN,CLOSED,OPEN,FALSE,NO_CHANGE_DAY_HIGH_RADIATION_OUTBOUND_OPEN,TRUE,-10.202,TRUE,FALSE,150,1,24.873,25.967,29.762,30.129,31.577,31.223,28.828,28.258,31.079,29.726,,24.617,24.83,24.611,24.637,24.696,24.375,28.038,34.26,39.15,38.24,25.03,552.05,6.426,3.915,6.824,2.503,3.943,,
Weekend_Heatwave_June2026,WHJ2026,279,2026-06-28T13:28:46,2026-06-28T11:28:45.744Z,1768.78,DAY_2_CONTROLLED,HEATWAVE_RULE_BASED,OUTBOUND_OPEN_INBOUND_CLOSED,CLOSED,OPEN,CLOSED,OPEN,FALSE,NO_CHANGE_DAY_HIGH_RADIATION_OUTBOUND_OPEN,TRUE,-10.989,TRUE,FALSE,150,1,24.932,26.062,29.844,30.224,31.577,31.341,28.913,28.327,31.266,29.795,,24.653,24.873,24.644,24.68,24.739,24.408,28.081,34.08,39.18,39.07,24,517.85,6.408,3.918,6.907,2.4,3.699,,
Weekend_Heatwave_June2026,WHJ2026,280,2026-06-28T13:38:46,2026-06-28T11:38:46.320Z,1778.78,DAY_2_CONTROLLED,HEATWAVE_RULE_BASED,OUTBOUND_OPEN_INBOUND_CLOSED,CLOSED,OPEN,CLOSED,OPEN,FALSE,NO_CHANGE_DAY_HIGH_RADIATION_OUTBOUND_OPEN,TRUE,-10.916,TRUE,FALSE,150,1,24.975,26.154,29.912,30.181,31.561,31.416,28.982,28.405,31.364,29.811,,24.686,24.925,24.68,24.712,24.771,24.44,28.114,34.48,39.28,39.03,22.63,626.59,6.448,3.928,6.903,2.263,4.476,,
Weekend_Heatwave_June2026,WHJ2026,281,2026-06-28T13:48:46,2026-06-28T11:48:45.890Z,1788.78,DAY_2_CONTROLLED,HEATWAVE_RULE_BASED,OUTBOUND_OPEN_INBOUND_CLOSED,CLOSED,OPEN,CLOSED,OPEN,FALSE,NO_CHANGE_DAY_HIGH_RADIATION_OUTBOUND_OPEN,TRUE,-11.384,TRUE,FALSE,150,1,25.027,26.249,29.981,30.263,31.597,31.482,29.061,28.464,31.433,29.896,,24.722,24.968,24.722,24.755,24.814,24.483,28.156,34.61,39.33,39.54,22.42,518.58,6.461,3.933,6.954,2.242,3.704,,
Weekend_Heatwave_June2026,WHJ2026,282,2026-06-28T13:58:46,2026-06-28T11:58:46.461Z,1798.78,DAY_2_CONTROLLED,HEATWAVE_RULE_BASED,OUTBOUND_OPEN_INBOUND_CLOSED,CLOSED,OPEN,CLOSED,OPEN,FALSE,NO_CHANGE_DAY_HIGH_RADIATION_OUTBOUND_OPEN,TRUE,-11.361,TRUE,FALSE,150,1,25.07,26.334,30.034,30.289,31.639,31.502,29.139,28.543,31.407,29.863,,24.755,25.001,24.755,24.788,24.847,24.526,28.189,34.73,39.38,39.55,22.33,477.88,6.473,3.938,6.955,2.233,3.413,,
Weekend_Heatwave_June2026,WHJ2026,283,2026-06-28T14:08:46,2026-06-28T12:08:46.044Z,1808.78,DAY_2_CONTROLLED,HEATWAVE_RULE_BASED,OUTBOUND_OPEN_INBOUND_CLOSED,CLOSED,OPEN,CLOSED,OPEN,FALSE,NO_CHANGE_DAY_HIGH_RADIATION_OUTBOUND_OPEN,TRUE,-11.608,TRUE,FALSE,150,1,25.112,26.4,30.096,30.358,31.646,31.571,29.205,28.602,31.433,29.827,,24.798,25.053,24.798,24.83,24.889,24.568,28.232,34.84,39.43,39.84,22.17,493.46,6.484,3.943,6.984,2.217,3.525,,
Weekend_Heatwave_June2026,WHJ2026,284,2026-06-28T14:18:46,2026-06-28T12:18:46.609Z,1818.78,DAY_2_CONTROLLED,HEATWAVE_RULE_BASED,OUTBOUND_OPEN_INBOUND_CLOSED,CLOSED,OPEN,CLOSED,OPEN,FALSE,NO_CHANGE_DAY_HIGH_RADIATION_OUTBOUND_OPEN,TRUE,-11.786,TRUE,FALSE,150,1,25.161,26.485,30.148,30.433,31.656,31.613,29.274,28.661,31.4,29.795,,24.83,25.096,24.84,24.873,24.932,24.611,28.274,34.96,39.49,40.06,21.55,475.38,6.496,3.949,7.006,2.155,3.396,,
Weekend_Heatwave_June2026,WHJ2026,285,2026-06-28T14:28:46,2026-06-28T12:28:46.179Z,1828.78,DAY_2_CONTROLLED,HEATWAVE_RULE_BASED,OUTBOUND_OPEN_INBOUND_CLOSED,CLOSED,OPEN,CLOSED,OPEN,FALSE,NO_CHANGE_DAY_HIGH_RADIATION_OUTBOUND_OPEN,TRUE,-11.89,TRUE,FALSE,150,1,25.204,26.554,30.204,30.476,31.656,31.603,29.323,28.71,31.358,29.726,,24.873,25.145,24.883,24.916,24.975,24.653,28.32,35.1,39.52,40.21,20.84,474.02,6.51,3.952,7.021,2.084,3.386,,
Weekend_Heatwave_June2026,WHJ2026,286,2026-06-28T14:38:46,2026-06-28T12:38:46.755Z,1838.78,DAY_2_CONTROLLED,HEATWAVE_RULE_BASED,OUTBOUND_OPEN_INBOUND_CLOSED,CLOSED,OPEN,CLOSED,OPEN,FALSE,NO_CHANGE_DAY_HIGH_RADIATION_OUTBOUND_OPEN,TRUE,-11.867,TRUE,FALSE,150,1,25.24,26.613,30.247,30.545,31.656,31.646,29.375,28.753,31.282,29.66,,24.916,25.187,24.925,24.968,25.017,24.696,28.363,35.24,39.61,40.23,21.22,473.27,6.524,3.961,7.023,2.122,3.38,,
Weekend_Heatwave_June2026,WHJ2026,287,2026-06-28T14:48:46,2026-06-28T12:48:46.334Z,1848.78,DAY_2_CONTROLLED,HEATWAVE_RULE_BASED,OUTBOUND_OPEN_INBOUND_CLOSED,CLOSED,OPEN,CLOSED,OPEN,FALSE,NO_CHANGE_DAY_HIGH_RADIATION_OUTBOUND_OPEN,TRUE,-12.025,TRUE,FALSE,150,1,25.283,26.682,30.299,30.568,31.666,31.672,29.414,28.785,31.24,29.683,,24.958,25.24,24.968,25.011,25.06,24.739,28.415,35.35,39.67,40.44,21.49,471.94,6.535,3.967,7.044,2.149,3.371,,
Weekend_Heatwave_June2026,WHJ2026,288,2026-06-28T14:58:46,2026-06-28T12:58:45.905Z,1858.78,DAY_2_CONTROLLED,HEATWAVE_RULE_BASED,OUTBOUND_OPEN_INBOUND_CLOSED,CLOSED,OPEN,CLOSED,OPEN,FALSE,NO_CHANGE_DAY_HIGH_RADIATION_OUTBOUND_OPEN,TRUE,-12.002,TRUE,FALSE,150,1,25.322,26.741,30.338,30.63,31.708,31.708,29.457,28.828,31.289,29.683,,25.001,25.283,25.011,25.053,25.102,24.788,28.458,35.49,39.74,40.46,21.96,464.91,6.549,3.974,7.046,2.196,3.321,,
Weekend_Heatwave_June2026,WHJ2026,289,2026-06-28T15:08:46,2026-06-28T13:08:46.487Z,1868.78,DAY_2_CONTROLLED,HEATWAVE_RULE_BASED,OUTBOUND_OPEN_INBOUND_CLOSED,CLOSED,OPEN,CLOSED,OPEN,FALSE,NO_CHANGE_DAY_HIGH_RADIATION_OUTBOUND_OPEN,TRUE,-11.91,TRUE,FALSE,150,1,25.364,26.793,30.407,30.663,31.708,31.725,29.493,28.854,31.266,29.65,,25.043,25.322,25.06,25.102,25.155,24.83,28.5,35.65,39.76,40.41,22.18,465.28,6.565,3.976,7.041,2.218,3.323,,
Weekend_Heatwave_June2026,WHJ2026,290,2026-06-28T15:18:46,2026-06-28T13:18:46.060Z,1878.78,DAY_2_CONTROLLED,HEATWAVE_RULE_BASED,OUTBOUND_OPEN_INBOUND_CLOSED,CLOSED,OPEN,CLOSED,OPEN,FALSE,NO_CHANGE_DAY_HIGH_RADIATION_OUTBOUND_OPEN,TRUE,-12.051,TRUE,FALSE,150,1,25.4,26.852,30.466,30.689,31.692,31.741,29.526,28.887,31.256,29.618,,25.086,25.374,25.102,25.145,25.197,24.873,28.549,35.76,39.78,40.6,21.7,454.6,6.576,3.978,7.06,2.17,3.247,,
Weekend_Heatwave_June2026,WHJ2026,291,2026-06-28T15:28:46,2026-06-28T13:28:46.632Z,1888.78,DAY_2_CONTROLLED,HEATWAVE_RULE_BASED,OUTBOUND_OPEN_INBOUND_CLOSED,CLOSED,OPEN,CLOSED,OPEN,FALSE,NO_CHANGE_DAY_HIGH_RADIATION_OUTBOUND_OPEN,TRUE,-10.468,TRUE,FALSE,150,1,25.443,26.895,30.492,30.699,31.475,31.646,29.568,28.923,31.148,29.424,,25.129,25.427,25.155,25.197,25.246,24.925,28.592,35.89,39.84,39.06,23.84,363.36,6.589,3.984,6.906,2.384,2.595,,
Weekend_Heatwave_June2026,WHJ2026,292,2026-06-28T15:38:46,2026-06-28T13:38:46.222Z,1898.78,DAY_2_CONTROLLED,HEATWAVE_RULE_BASED,OUTBOUND_OPEN_INBOUND_CLOSED,CLOSED,OPEN,CLOSED,OPEN,FALSE,NO_CHANGE_DAY_HIGH_RADIATION_OUTBOUND_OPEN,TRUE,-9.955,TRUE,FALSE,150,1,25.476,26.954,30.519,30.656,31.39,31.613,29.591,28.939,30.994,29.375,,25.171,25.469,25.197,25.24,25.289,24.968,28.635,36.03,39.91,38.59,23.5,398.63,6.603,3.991,6.859,2.35,2.847,,
Weekend_Heatwave_June2026,WHJ2026,293,2026-06-28T15:48:46,2026-06-28T13:48:45.792Z,1908.78,DAY_2_CONTROLLED,HEATWAVE_RULE_BASED,OUTBOUND_OPEN_INBOUND_CLOSED,CLOSED,OPEN,CLOSED,OPEN,FALSE,NO_CHANGE_DAY_HIGH_RADIATION_OUTBOUND_OPEN,TRUE,-9.363,TRUE,FALSE,150,1,25.518,26.986,30.525,30.62,31.256,31.518,29.618,28.956,30.896,29.221,,25.214,25.509,25.24,25.289,25.341,25.011,28.677,36.19,39.94,38.04,24.41,379.31,6.619,3.994,6.804,2.441,2.709,,
Weekend_Heatwave_June2026,WHJ2026,294,2026-06-28T15:58:46,2026-06-28T13:58:46.369Z,1918.78,DAY_2_CONTROLLED,HEATWAVE_RULE_BASED,OUTBOUND_OPEN_INBOUND_CLOSED,CLOSED,OPEN,CLOSED,OPEN,FALSE,NO_CHANGE_DAY_HIGH_RADIATION_OUTBOUND_OPEN,TRUE,-9.574,TRUE,FALSE,150,1,25.551,27.029,30.535,30.646,31.24,31.518,29.634,28.966,30.859,29.231,,25.263,25.551,25.283,25.332,25.384,25.06,28.726,36.32,39.96,38.3,24.51,400.06,6.632,3.996,6.83,2.451,2.858,,
Weekend_Heatwave_June2026,WHJ2026,295,2026-06-28T16:08:46,2026-06-28T14:08:45.946Z,1928.78,DAY_2_CONTROLLED,HEATWAVE_RULE_BASED,OUTBOUND_OPEN_INBOUND_CLOSED,CLOSED,OPEN,CLOSED,OPEN,FALSE,NO_CHANGE_DAY_HIGH_RADIATION_OUTBOUND_OPEN,TRUE,-9.641,TRUE,FALSE,150,1,25.587,27.065,30.545,30.63,31.23,31.475,29.65,28.975,30.902,29.3,,25.305,25.594,25.332,25.374,25.427,25.102,28.769,36.4,40.02,38.41,24.29,387.92,6.64,4.002,6.841,2.429,2.771,,
Weekend_Heatwave_June2026,WHJ2026,296,2026-06-28T16:18:46,2026-06-28T14:18:46.517Z,1938.78,DAY_2_CONTROLLED,HEATWAVE_RULE_BASED,OUTBOUND_OPEN_INBOUND_CLOSED,CLOSED,OPEN,CLOSED,OPEN,FALSE,NO_CHANGE_DAY_HIGH_RADIATION_OUTBOUND_OPEN,TRUE,-10.918,TRUE,FALSE,150,1,25.62,27.098,30.568,30.637,31.358,31.544,29.667,28.998,30.961,29.434,,25.348,25.636,25.374,25.427,25.469,25.145,28.812,36.61,40.07,39.73,23,494.25,6.661,4.007,6.973,2.3,3.53,,
Weekend_Heatwave_June2026,WHJ2026,297,2026-06-28T16:28:46,2026-06-28T14:28:46.304Z,1948.78,DAY_2_CONTROLLED,HEATWAVE_RULE_BASED,OUTBOUND_OPEN_INBOUND_CLOSED,CLOSED,OPEN,CLOSED,OPEN,FALSE,NO_CHANGE_DAY_HIGH_RADIATION_OUTBOUND_OPEN,TRUE,-11.036,TRUE,FALSE,150,1,25.663,27.131,30.578,30.646,31.341,31.571,29.683,29.018,31.03,29.398,,25.391,25.672,25.417,25.459,25.509,25.187,28.854,36.7,40.1,39.89,22.58,461.09,6.67,4.01,6.989,2.258,3.294,,
Weekend_Heatwave_June2026,WHJ2026,298,2026-06-28T16:38:46,2026-06-28T14:38:46.683Z,1958.78,DAY_2_CONTROLLED,HEATWAVE_RULE_BASED,OUTBOUND_OPEN_INBOUND_CLOSED,CLOSED,OPEN,CLOSED,OPEN,FALSE,NO_CHANGE_DAY_HIGH_RADIATION_OUTBOUND_OPEN,TRUE,-10.303,TRUE,FALSE,150,1,25.695,27.157,30.604,30.663,31.364,31.518,29.709,29.051,31.004,29.414,,25.433,25.715,25.459,25.509,25.551,25.23,28.897,36.82,40.1,39.2,24,453.21,6.682,4.01,6.92,2.4,3.237,,
Weekend_Heatwave_June2026,WHJ2026,299,2026-06-28T16:48:46,2026-06-28T14:48:46.268Z,1968.78,DAY_2_CONTROLLED,HEATWAVE_RULE_BASED,OUTBOUND_OPEN_INBOUND_CLOSED,CLOSED,OPEN,CLOSED,OPEN,FALSE,NO_CHANGE_DAY_HIGH_RADIATION_OUTBOUND_OPEN,TRUE,-10.801,TRUE,FALSE,150,1,25.731,27.183,30.637,30.673,31.38,31.577,29.736,29.077,31.053,29.441,,25.476,25.758,25.492,25.545,25.594,25.283,28.939,36.96,40.12,39.74,23.29,451.29,6.696,4.012,6.974,2.329,3.223,,
Weekend_Heatwave_June2026,WHJ2026,300,2026-06-28T16:58:46,2026-06-28T14:58:45.840Z,1978.78,DAY_2_CONTROLLED,HEATWAVE_RULE_BASED,OUTBOUND_OPEN_INBOUND_CLOSED,CLOSED,OPEN,CLOSED,OPEN,FALSE,NO_CHANGE_DAY_HIGH_RADIATION_OUTBOUND_OPEN,TRUE,-10.998,TRUE,FALSE,150,1,25.764,27.209,30.646,30.689,31.449,31.613,29.752,29.103,31.079,29.493,,25.518,25.79,25.535,25.587,25.636,25.315,28.982,37.08,40.15,39.98,22.99,448.57,6.708,4.015,6.998,2.299,3.204,,
Weekend_Heatwave_June2026,WHJ2026,301,2026-06-28T17:08:46,2026-06-28T15:08:46.429Z,1988.78,DAY_2_CONTROLLED,HEATWAVE_RULE_BASED,OUTBOUND_OPEN_INBOUND_CLOSED,CLOSED,OPEN,CLOSED,OPEN,FALSE,NO_CHANGE_DAY_HIGH_RADIATION_OUTBOUND_OPEN,TRUE,-10.602,TRUE,FALSE,150,1,25.8,27.232,30.646,30.689,31.528,31.62,29.785,29.129,31.02,29.473,,25.561,25.823,25.577,25.63,25.672,25.358,29.018,37.2,40.16,39.62,23.29,440.28,6.72,4.016,6.962,2.329,3.145,,
Weekend_Heatwave_June2026,WHJ2026,302,2026-06-28T17:18:46,2026-06-28T15:18:46.001Z,1998.78,DAY_2_CONTROLLED,HEATWAVE_RULE_BASED,OUTBOUND_OPEN_INBOUND_CLOSED,CLOSED,OPEN,CLOSED,OPEN,FALSE,NO_CHANGE_DAY_HIGH_RADIATION_OUTBOUND_OPEN,TRUE,-10.279,TRUE,FALSE,150,1,25.84,27.258,30.663,30.709,31.466,31.613,29.811,29.156,31.03,29.467,,25.604,25.859,25.62,25.672,25.715,25.4,29.061,37.33,40.2,39.34,23.66,435.09,6.733,4.02,6.934,2.366,3.108,,
Weekend_Heatwave_June2026,WHJ2026,303,2026-06-28T17:28:46,2026-06-28T15:28:46.582Z,2008.78,DAY_2_CONTROLLED,HEATWAVE_RULE_BASED,OUTBOUND_OPEN_INBOUND_CLOSED,CLOSED,OPEN,CLOSED,OPEN,FALSE,NO_CHANGE_DAY_HIGH_RADIATION_OUTBOUND_OPEN,TRUE,-10.497,TRUE,FALSE,150,1,25.876,27.285,30.673,30.725,31.423,31.613,29.827,29.172,30.938,29.391,,25.646,25.892,25.656,25.715,25.758,25.433,29.103,37.44,40.25,39.6,23.68,428.6,6.744,4.025,6.96,2.368,3.061,,
Weekend_Heatwave_June2026,WHJ2026,304,2026-06-28T17:38:46,2026-06-28T15:38:46.153Z,2018.78,DAY_2_CONTROLLED,HEATWAVE_RULE_BASED,OUTBOUND_OPEN_INBOUND_CLOSED,CLOSED,OPEN,CLOSED,OPEN,FALSE,NO_CHANGE_DAY_HIGH_RADIATION_OUTBOUND_OPEN,TRUE,-10.231,TRUE,FALSE,150,1,25.908,27.311,30.683,30.725,31.433,31.587,29.854,29.198,30.977,29.398,,25.679,25.925,25.695,25.758,25.79,25.476,29.139,37.57,40.25,39.37,23.4,397.56,6.757,4.025,6.937,2.34,2.84,,
Weekend_Heatwave_June2026,WHJ2026,305,2026-06-28T17:48:46,2026-06-28T15:48:46.724Z,2028.78,DAY_2_CONTROLLED,HEATWAVE_RULE_BASED,OUTBOUND_OPEN_INBOUND_CLOSED,CLOSED,OPEN,CLOSED,OPEN,FALSE,NO_CHANGE_DAY_HIGH_RADIATION_OUTBOUND_OPEN,TRUE,-9.678,TRUE,FALSE,150,1,25.944,27.327,30.715,30.725,31.364,31.561,29.87,29.205,30.886,29.349,,25.722,25.967,25.731,25.8,25.833,25.518,29.172,37.68,40.31,38.85,24.43,385.3,6.768,4.031,6.885,2.443,2.752,,
Weekend_Heatwave_June2026,WHJ2026,306,2026-06-28T17:58:46,2026-06-28T15:58:46.296Z,2038.78,DAY_2_CONTROLLED,HEATWAVE_RULE_BASED,OUTBOUND_OPEN_INBOUND_CLOSED,CLOSED,OPEN,CLOSED,OPEN,FALSE,NO_CHANGE_DAY_HIGH_RADIATION_OUTBOUND_OPEN,TRUE,-8.985,TRUE,FALSE,150,1,25.967,27.344,30.768,30.715,31.289,31.528,29.89,29.221,30.853,29.274,,25.758,26.003,25.774,25.84,25.876,25.551,29.215,37.8,40.36,38.2,25.38,355.62,6.78,4.036,6.82,2.538,2.54,,
Weekend_Heatwave_June2026,WHJ2026,307,2026-06-28T18:08:46,2026-06-28T16:08:45.868Z,2048.78,DAY_2_CONTROLLED,HEATWAVE_RULE_BASED,OUTBOUND_OPEN_INBOUND_CLOSED,CLOSED,OPEN,CLOSED,OPEN,FALSE,NO_CHANGE_DAY_HIGH_RADIATION_OUTBOUND_OPEN,TRUE,-8.303,TRUE,FALSE,150,1,26.003,27.37,30.896,30.709,31.171,31.482,29.906,29.231,30.725,29.008,,25.8,26.036,25.807,25.876,25.908,25.594,29.247,37.91,40.36,37.55,30.27,333.36,6.791,4.036,6.755,3.027,2.381,,
Weekend_Heatwave_June2026,WHJ2026,308,2026-06-28T18:18:46,2026-06-28T16:18:46.448Z,2058.78,DAY_2_CONTROLLED,HEATWAVE_RULE_BASED,OUTBOUND_OPEN_INBOUND_CLOSED,CLOSED,OPEN,CLOSED,OPEN,FALSE,NO_CHANGE_DAY_HIGH_RADIATION_OUTBOUND_OPEN,TRUE,-7.33,TRUE,FALSE,150,1,26.036,27.386,30.918,30.709,31.079,31.433,29.912,29.231,30.466,28.812,,25.833,26.069,25.849,25.918,25.944,25.63,29.29,38,40.46,36.62,31.76,332.96,6.8,4.046,6.662,3.176,2.378,,
Weekend_Heatwave_June2026,WHJ2026,309,2026-06-28T18:28:46,2026-06-28T16:28:46.027Z,2068.78,DAY_2_CONTROLLED,HEATWAVE_RULE_BASED,OUTBOUND_OPEN_INBOUND_CLOSED,CLOSED,OPEN,CLOSED,OPEN,FALSE,NO_CHANGE_DAY_HIGH_RADIATION_OUTBOUND_OPEN,TRUE,-6.537,TRUE,FALSE,150,1,26.062,27.396,30.853,30.715,30.945,31.374,29.906,29.205,30.181,28.576,,25.866,26.105,25.882,25.951,25.987,25.663,29.323,38.11,40.42,35.86,33.07,332.02,6.811,4.042,6.586,3.307,2.372,,
Weekend_Heatwave_June2026,WHJ2026,310,2026-06-28T18:38:46,2026-06-28T16:38:46.604Z,2078.78,DAY_2_CONTROLLED,HEATWAVE_RULE_BASED,OUTBOUND_OPEN_INBOUND_CLOSED,CLOSED,OPEN,CLOSED,OPEN,FALSE,NO_CHANGE_DAY_HIGH_RADIATION_OUTBOUND_OPEN,TRUE,-5.995,TRUE,FALSE,150,1,26.095,27.403,30.794,30.715,30.886,31.289,29.896,29.182,29.991,28.448,,25.902,26.131,25.918,25.987,26.02,25.689,29.355,38.23,40.48,35.35,33.34,336.21,6.823,4.048,6.535,3.334,2.401,,
Weekend_Heatwave_June2026,WHJ2026,311,2026-06-28T18:48:46,2026-06-28T16:48:46.179Z,2088.78,DAY_2_CONTROLLED,HEATWAVE_RULE_BASED,OUTBOUND_OPEN_INBOUND_CLOSED,CLOSED,OPEN,CLOSED,OPEN,FALSE,NO_CHANGE_DAY_HIGH_RADIATION_OUTBOUND_OPEN,TRUE,-5.628,TRUE,FALSE,150,1,26.121,27.403,30.768,30.709,30.961,31.187,29.863,29.139,29.87,28.379,,25.935,26.164,25.951,26.02,26.046,25.722,29.382,38.32,40.49,35.01,34.64,336.38,6.832,4.049,6.501,3.464,2.403,,
Weekend_Heatwave_June2026,WHJ2026,312,2026-06-28T18:58:46,2026-06-28T16:58:46.765Z,2098.78,DAY_2_CONTROLLED,HEATWAVE_RULE_BASED,OUTBOUND_OPEN_INBOUND_CLOSED,CLOSED,OPEN,CLOSED,OPEN,FALSE,NO_CHANGE_DAY_HIGH_RADIATION_OUTBOUND_OPEN,TRUE,-5.366,TRUE,FALSE,150,1,26.138,27.412,30.741,30.699,31.013,31.148,29.827,29.103,29.742,28.284,,25.967,26.19,25.987,26.046,26.079,25.758,29.414,38.42,40.43,34.78,34.75,349.28,6.842,4.043,6.478,3.475,2.495,,
Weekend_Heatwave_June2026,WHJ2026,313,2026-06-28T19:08:46,2026-06-28T17:08:46.338Z,2108.78,DAY_2_CONTROLLED,HEATWAVE_RULE_BASED,OUTBOUND_OPEN_INBOUND_CLOSED,CLOSED,OPEN,CLOSED,OPEN,FALSE,NO_CHANGE_DAY_HIGH_RADIATION_OUTBOUND_OPEN,TRUE,-5.709,TRUE,FALSE,150,1,26.154,27.403,30.715,30.689,31.004,31.112,29.801,29.07,29.693,28.284,,26.003,26.216,26.01,26.069,26.105,25.781,29.441,38.49,40.36,35.15,35.27,371.77,6.849,4.036,6.515,3.527,2.656,,
Weekend_Heatwave_June2026,WHJ2026,314,2026-06-28T19:18:46,2026-06-28T17:18:45.920Z,2118.78,DAY_2_CONTROLLED,HEATWAVE_RULE_BASED,OUTBOUND_OPEN_INBOUND_CLOSED,CLOSED,OPEN,CLOSED,OPEN,FALSE,NO_CHANGE_DAY_HIGH_RADIATION_OUTBOUND_OPEN,TRUE,-5.803,TRUE,FALSE,150,1,26.18,27.403,30.709,30.683,30.994,31.089,29.778,29.044,29.693,28.363,,26.026,26.233,26.036,26.095,26.131,25.807,29.467,38.55,40.52,35.27,34.56,386.41,6.855,4.052,6.527,3.456,2.76,,
Weekend_Heatwave_June2026,WHJ2026,315,2026-06-28T19:28:46,2026-06-28T17:28:46.717Z,2128.78,DAY_2_CONTROLLED,HEATWAVE_RULE_BASED,OUTBOUND_OPEN_INBOUND_CLOSED,CLOSED,OPEN,CLOSED,OPEN,FALSE,NO_CHANGE_DAY_HIGH_RADIATION_OUTBOUND_OPEN,TRUE,-6.547,TRUE,FALSE,150,1,26.19,27.396,30.689,30.673,30.977,31.02,29.752,29.025,29.778,28.51,,26.053,26.249,26.053,26.112,26.154,25.833,29.493,38.63,40.62,36.04,28.78,385.34,6.863,4.062,6.604,2.878,2.752,,
Weekend_Heatwave_June2026,WHJ2026,316,2026-06-28T19:38:46,2026-06-28T17:38:46.082Z,2138.78,DAY_2_CONTROLLED,HEATWAVE_RULE_BASED,OUTBOUND_OPEN_INBOUND_CLOSED,CLOSED,OPEN,CLOSED,OPEN,FALSE,NO_CHANGE_DAY_HIGH_RADIATION_OUTBOUND_OPEN,TRUE,-6.831,TRUE,FALSE,150,1,26.207,27.386,30.663,30.646,30.928,30.961,29.736,29.025,29.88,28.576,,26.079,26.266,26.079,26.131,26.18,25.849,29.509,38.71,40.62,36.34,27.7,370.96,6.871,4.062,6.634,2.77,2.65,,
Weekend_Heatwave_June2026,WHJ2026,317,2026-06-28T19:48:46,2026-06-28T17:48:46.664Z,2148.78,DAY_2_CONTROLLED,HEATWAVE_RULE_BASED,OUTBOUND_OPEN_INBOUND_CLOSED,CLOSED,OPEN,CLOSED,OPEN,FALSE,NO_CHANGE_DAY_HIGH_RADIATION_OUTBOUND_OPEN,TRUE,-6.764,TRUE,FALSE,150,1,26.223,27.376,30.637,30.63,30.896,30.938,29.726,29.034,29.949,28.585,,26.105,26.282,26.105,26.148,26.197,25.876,29.526,38.77,40.58,36.29,29.05,351.33,6.877,4.058,6.629,2.905,2.509,,
Weekend_Heatwave_June2026,WHJ2026,318,2026-06-28T19:58:46,2026-06-28T17:58:46.447Z,2158.78,DAY_2_CONTROLLED,HEATWAVE_RULE_BASED,OUTBOUND_OPEN_INBOUND_CLOSED,CLOSED,OPEN,CLOSED,OPEN,FALSE,NO_CHANGE_DAY_HIGH_RADIATION_OUTBOUND_OPEN,TRUE,-6.758,TRUE,FALSE,150,1,26.239,27.36,30.62,30.62,30.837,30.896,29.726,29.044,30.001,28.602,,26.131,26.292,26.112,26.164,26.216,25.892,29.542,38.51,40.6,36.3,27.83,346.29,6.851,4.06,6.63,2.783,2.473,,
Weekend_Heatwave_June2026,WHJ2026,319,2026-06-28T20:08:55,2026-06-28T18:08:46.822Z,2168.93,DAY_2_CONTROLLED,HEATWAVE_RULE_BASED,ALL_OPEN,OPEN,OPEN,OPEN,OPEN,TRUE,NIGHT_HEATWAVE_FLUSH_ALL_OPEN,FALSE,-6.121,TRUE,FALSE,150,1,26.249,27.353,30.587,30.604,30.804,30.843,29.726,29.051,29.965,28.533,,26.148,26.308,26.131,26.174,26.233,25.908,29.549,38.87,40.56,35.67,28.95,327.21,6.887,4.056,6.567,2.895,2.337,,
Weekend_Heatwave_June2026,WHJ2026,320,2026-06-28T20:18:55,2026-06-28T18:18:55.393Z,2178.93,DAY_2_CONTROLLED,HEATWAVE_RULE_BASED,ALL_OPEN,OPEN,OPEN,OPEN,OPEN,FALSE,NO_CHANGE_NIGHT_HEATWAVE_FLUSH_ALL_OPEN,FALSE,-5.195,TRUE,FALSE,150,1,26.266,27.344,30.551,30.578,30.751,30.827,29.634,29.044,29.742,28.294,,26.164,26.325,26.148,26.19,26.239,25.925,29.575,38.91,40.42,34.77,32.15,318.77,6.891,4.042,6.477,3.215,2.277,,
Weekend_Heatwave_June2026,WHJ2026,321,2026-06-28T20:28:55,2026-06-28T18:28:54.975Z,2188.93,DAY_2_CONTROLLED,HEATWAVE_RULE_BASED,ALL_OPEN,OPEN,OPEN,OPEN,OPEN,FALSE,NO_CHANGE_NIGHT_HEATWAVE_FLUSH_ALL_OPEN,FALSE,-4.585,TRUE,FALSE,150,1,26.275,27.327,30.509,30.551,30.683,30.778,29.618,29.008,29.585,28.123,,26.18,26.334,26.164,26.197,26.256,25.935,29.585,38.95,40.31,34.17,34.13,321.32,6.895,4.031,6.417,3.413,2.295,,
Weekend_Heatwave_June2026,WHJ2026,322,2026-06-28T20:38:55,2026-06-28T18:38:54.548Z,2198.93,DAY_2_CONTROLLED,HEATWAVE_RULE_BASED,ALL_OPEN,OPEN,OPEN,OPEN,OPEN,FALSE,NO_CHANGE_NIGHT_HEATWAVE_FLUSH_ALL_OPEN,FALSE,-4.059,TRUE,FALSE,150,1,26.275,27.311,30.492,30.519,30.594,30.725,29.627,28.966,29.398,27.989,,26.197,26.341,26.174,26.207,26.266,25.944,29.591,38.99,39.99,33.65,34.56,320.8,6.899,3.999,6.365,3.456,2.291,,
Weekend_Heatwave_June2026,WHJ2026,323,2026-06-28T20:48:55,2026-06-28T18:48:55.136Z,2208.93,DAY_2_CONTROLLED,HEATWAVE_RULE_BASED,ALL_OPEN,OPEN,OPEN,OPEN,OPEN,FALSE,NO_CHANGE_NIGHT_HEATWAVE_FLUSH_ALL_OPEN,FALSE,-3.639,TRUE,FALSE,150,1,26.282,27.294,30.417,30.476,30.545,30.683,29.591,28.897,29.257,27.887,,26.207,26.351,26.18,26.216,26.275,25.918,29.591,38.96,39.29,33.23,34.78,319.41,6.896,3.929,6.323,3.478,2.282,,
Weekend_Heatwave_June2026,WHJ2026,324,2026-06-28T20:58:55,2026-06-28T18:58:54.706Z,2218.93,DAY_2_CONTROLLED,HEATWAVE_RULE_BASED,ALL_OPEN,OPEN,OPEN,OPEN,OPEN,FALSE,NO_CHANGE_NIGHT_HEATWAVE_FLUSH_ALL_OPEN,FALSE,-3.279,TRUE,FALSE,150,1,26.292,27.275,30.397,30.433,30.499,30.646,29.483,28.844,29.139,27.77,,26.216,26.351,26.18,26.223,26.282,25.892,29.591,38.91,38.44,32.87,35.09,316.06,6.891,3.844,6.287,3.509,2.258,,
Weekend_Heatwave_June2026,WHJ2026,325,2026-06-28T21:08:55,2026-06-28T19:08:55.278Z,2228.93,DAY_2_CONTROLLED,HEATWAVE_RULE_BASED,ALL_OPEN,OPEN,OPEN,OPEN,OPEN,FALSE,NO_CHANGE_NIGHT_HEATWAVE_FLUSH_ALL_OPEN,FALSE,-3.009,TRUE,FALSE,150,1,26.292,27.258,30.375,30.391,30.519,30.594,29.391,28.795,29.018,27.684,,26.223,26.351,26.18,26.223,26.292,25.866,29.591,38.86,37.61,32.6,35.19,312.75,6.886,3.761,6.26,3.519,2.234,,
Weekend_Heatwave_June2026,WHJ2026,326,2026-06-28T21:18:55,2026-06-28T19:18:54.860Z,2238.93,DAY_2_CONTROLLED,HEATWAVE_RULE_BASED,ALL_OPEN,OPEN,OPEN,OPEN,OPEN,FALSE,NO_CHANGE_NIGHT_HEATWAVE_FLUSH_ALL_OPEN,FALSE,-2.685,TRUE,FALSE,150,1,26.282,27.242,30.338,30.358,30.509,30.545,29.3,28.743,28.907,27.593,,26.233,26.351,26.18,26.223,26.282,25.84,29.585,38.78,36.84,32.27,35.76,311.19,6.878,3.684,6.227,3.576,2.223,,
Weekend_Heatwave_June2026,WHJ2026,327,2026-06-28T21:28:55,2026-06-28T19:28:55.437Z,2248.93,DAY_2_CONTROLLED,HEATWAVE_RULE_BASED,ALL_OPEN,OPEN,OPEN,OPEN,OPEN,FALSE,NO_CHANGE_NIGHT_HEATWAVE_FLUSH_ALL_OPEN,FALSE,-2.375,TRUE,FALSE,150,1,26.282,27.226,30.299,30.306,30.476,30.483,29.205,28.684,28.838,27.55,,26.223,26.341,26.18,26.216,26.282,25.817,29.575,38.72,35.87,31.95,35.75,310.98,6.872,3.587,6.195,3.575,2.221,,
Weekend_Heatwave_June2026,WHJ2026,328,2026-06-28T21:38:55,2026-06-28T19:38:55.018Z,2258.93,DAY_2_CONTROLLED,HEATWAVE_RULE_BASED,ALL_OPEN,OPEN,OPEN,OPEN,OPEN,FALSE,NO_CHANGE_NIGHT_HEATWAVE_FLUSH_ALL_OPEN,FALSE,-2.152,TRUE,FALSE,150,1,26.275,27.209,30.263,30.263,30.45,30.433,29.129,28.635,28.743,27.468,,26.223,26.334,26.174,26.207,26.282,25.79,29.568,38.63,35.02,31.72,36.73,312.09,6.863,3.502,6.172,3.673,2.229,,
Weekend_Heatwave_June2026,WHJ2026,329,2026-06-28T21:48:55,2026-06-28T19:48:54.593Z,2268.93,DAY_2_CONTROLLED,HEATWAVE_RULE_BASED,ALL_OPEN,OPEN,OPEN,OPEN,OPEN,FALSE,NO_CHANGE_NIGHT_HEATWAVE_FLUSH_ALL_OPEN,FALSE,-2.151,TRUE,FALSE,150,1,26.266,27.183,30.23,30.224,30.391,30.381,29.051,28.576,28.661,27.389,,26.216,26.325,26.154,26.19,26.266,25.774,29.549,38.55,34.41,31.7,36.75,310.53,6.855,3.441,6.17,3.675,2.218,,
Weekend_Heatwave_June2026,WHJ2026,330,2026-06-28T21:58:55,2026-06-28T19:58:55.165Z,2278.93,DAY_2_CONTROLLED,HEATWAVE_RULE_BASED,ALL_OPEN,OPEN,OPEN,OPEN,OPEN,FALSE,NO_CHANGE_NIGHT_HEATWAVE_FLUSH_ALL_OPEN,FALSE,-1.858,TRUE,FALSE,150,1,26.249,27.167,30.198,30.171,30.365,30.338,28.966,28.517,28.549,27.298,,26.216,26.298,26.138,26.174,26.256,25.748,29.532,38.48,33.75,31.39,37.21,311.08,6.848,3.375,6.139,3.721,2.222,,
Weekend_Heatwave_June2026,WHJ2026,331,2026-06-28T22:08:55,2026-06-28T20:08:54.742Z,2288.93,DAY_2_CONTROLLED,HEATWAVE_RULE_BASED,ALL_OPEN,OPEN,OPEN,OPEN,OPEN,FALSE,NO_CHANGE_NIGHT_HEATWAVE_FLUSH_ALL_OPEN,FALSE,-1.481,TRUE,FALSE,150,1,26.239,27.147,30.155,30.129,30.322,30.289,28.887,28.458,28.464,27.19,,26.207,26.292,26.121,26.154,26.239,25.722,29.509,38.41,33.52,30.99,38.54,311.25,6.841,3.352,6.099,3.854,2.223,,
Weekend_Heatwave_June2026,WHJ2026,332,2026-06-28T22:18:55,2026-06-28T20:18:55.323Z,2298.93,DAY_2_CONTROLLED,HEATWAVE_RULE_BASED,ALL_OPEN,OPEN,OPEN,OPEN,OPEN,FALSE,NO_CHANGE_NIGHT_HEATWAVE_FLUSH_ALL_OPEN,FALSE,-1.227,TRUE,FALSE,150,1,26.216,27.124,30.103,30.076,30.257,30.24,28.802,28.395,28.353,27.121,,26.197,26.266,26.095,26.131,26.223,25.695,29.493,38.33,33.27,30.72,39.22,311.15,6.833,3.327,6.072,3.922,2.222,,
Weekend_Heatwave_June2026,WHJ2026,333,2026-06-28T22:28:55,2026-06-28T20:28:54.891Z,2308.93,DAY_2_CONTROLLED,HEATWAVE_RULE_BASED,ALL_OPEN,OPEN,OPEN,OPEN,OPEN,FALSE,NO_CHANGE_NIGHT_HEATWAVE_FLUSH_ALL_OPEN,FALSE,-1.037,TRUE,FALSE,150,1,26.197,27.108,30.07,30.034,30.23,30.188,28.726,28.336,28.274,27.016,,26.18,26.249,26.079,26.105,26.207,25.672,29.473,38.26,32.86,30.51,40.12,307.69,6.826,3.286,6.051,4.012,2.198,,
Weekend_Heatwave_June2026,WHJ2026,334,2026-06-28T22:38:55,2026-06-28T20:38:55.470Z,2318.93,DAY_2_CONTROLLED,HEATWAVE_RULE_BASED,ALL_OPEN,OPEN,OPEN,OPEN,OPEN,FALSE,NO_CHANGE_NIGHT_HEATWAVE_FLUSH_ALL_OPEN,FALSE,-0.94,TRUE,FALSE,150,1,26.18,27.081,30.027,29.981,30.188,30.148,28.644,28.268,28.182,26.941,,26.174,26.223,26.053,26.079,26.18,25.646,29.45,38.17,32.65,30.39,40.55,309.61,6.817,3.265,6.039,4.055,2.211,,
Weekend_Heatwave_June2026,WHJ2026,335,2026-06-28T22:48:55,2026-06-28T20:48:55.057Z,2328.93,DAY_2_CONTROLLED,HEATWAVE_RULE_BASED,ALL_OPEN,OPEN,OPEN,OPEN,OPEN,FALSE,NO_CHANGE_NIGHT_HEATWAVE_FLUSH_ALL_OPEN,FALSE,-0.766,TRUE,FALSE,150,1,26.154,27.055,29.991,29.939,30.148,30.096,28.559,28.205,28.104,26.914,,26.154,26.207,26.026,26.062,26.154,25.62,29.424,38.1,32.46,30.19,40.95,309.07,6.81,3.246,6.019,4.095,2.208,,
Weekend_Heatwave_June2026,WHJ2026,336,2026-06-28T22:58:55,2026-06-28T20:58:54.620Z,2338.93,DAY_2_CONTROLLED,HEATWAVE_RULE_BASED,ALL_OPEN,OPEN,OPEN,OPEN,OPEN,FALSE,NO_CHANGE_NIGHT_HEATWAVE_FLUSH_ALL_OPEN,FALSE,-0.592,TRUE,FALSE,150,1,26.131,27.029,29.949,29.896,30.096,30.044,28.5,28.146,28.14,26.941,,26.138,26.174,26.003,26.026,26.131,25.594,29.408,37.98,32.31,30,41.1,308.2,6.798,3.231,6,4.11,2.201,,
Weekend_Heatwave_June2026,WHJ2026,337,2026-06-28T23:08:55,2026-06-28T21:08:55.218Z,2348.93,DAY_2_CONTROLLED,HEATWAVE_RULE_BASED,ALL_OPEN,OPEN,OPEN,OPEN,OPEN,FALSE,NO_CHANGE_NIGHT_HEATWAVE_FLUSH_ALL_OPEN,FALSE,-0.668,TRUE,FALSE,150,1,26.105,27.003,29.912,29.854,30.06,29.991,28.458,28.097,28.215,26.983,,26.121,26.148,25.977,26.01,26.112,25.561,29.382,37.89,32.25,30.05,41.27,309.12,6.789,3.225,6.005,4.127,2.208,,
Weekend_Heatwave_June2026,WHJ2026,338,2026-06-28T23:18:55,2026-06-28T21:18:54.772Z,2358.93,DAY_2_CONTROLLED,HEATWAVE_RULE_BASED,ALL_OPEN,OPEN,OPEN,OPEN,OPEN,FALSE,NO_CHANGE_NIGHT_HEATWAVE_FLUSH_ALL_OPEN,FALSE,-0.735,TRUE,FALSE,150,1,26.079,26.98,29.87,29.811,29.975,29.958,28.405,28.064,28.123,26.921,,26.105,26.131,25.961,25.987,26.089,25.535,29.355,37.82,32.33,30.09,41.32,306.47,6.782,3.233,6.009,4.132,2.189,,
Weekend_Heatwave_June2026,WHJ2026,339,2026-06-28T23:28:55,2026-06-28T21:28:55.359Z,2368.93,DAY_2_CONTROLLED,HEATWAVE_RULE_BASED,ALL_OPEN,OPEN,OPEN,OPEN,OPEN,FALSE,NO_CHANGE_NIGHT_HEATWAVE_FLUSH_ALL_OPEN,FALSE,-0.827,TRUE,FALSE,150,1,26.053,26.954,29.837,29.778,29.981,29.912,28.353,28.022,28.13,26.921,,26.089,26.095,25.935,25.961,26.062,25.509,29.333,37.74,32.29,30.16,41.02,303.61,6.774,3.229,6.016,4.102,2.169,,
Weekend_Heatwave_June2026,WHJ2026,340,2026-06-28T23:38:55,2026-06-28T21:38:54.918Z,2378.93,DAY_2_CONTROLLED,HEATWAVE_RULE_BASED,ALL_OPEN,OPEN,OPEN,OPEN,OPEN,FALSE,NO_CHANGE_NIGHT_HEATWAVE_FLUSH_ALL_OPEN,FALSE,-1.074,TRUE,FALSE,150,1,26.026,26.921,29.801,29.736,29.912,29.863,28.3,27.979,28.225,26.983,,26.062,26.079,25.908,25.935,26.036,25.476,29.306,37.62,32.01,30.38,38.53,303.67,6.762,3.201,6.038,3.853,2.169,,
Weekend_Heatwave_June2026,WHJ2026,341,2026-06-28T23:48:55,2026-06-28T21:48:55.494Z,2388.93,DAY_2_CONTROLLED,HEATWAVE_RULE_BASED,ALL_OPEN,OPEN,OPEN,OPEN,OPEN,FALSE,NO_CHANGE_NIGHT_HEATWAVE_FLUSH_ALL_OPEN,FALSE,-1.26,TRUE,FALSE,150,1,25.994,26.895,29.768,29.703,29.785,29.693,28.274,27.946,28.251,27.042,,26.046,26.053,25.892,25.908,26.01,25.443,29.28,37.55,31.66,30.54,36.55,301.45,6.755,3.166,6.054,3.655,2.153,,
Weekend_Heatwave_June2026,WHJ2026,342,2026-06-28T23:58:55,2026-06-28T21:58:55.064Z,2398.93,DAY_2_CONTROLLED,HEATWAVE_RULE_BASED,ALL_OPEN,OPEN,OPEN,OPEN,OPEN,FALSE,NO_CHANGE_NIGHT_HEATWAVE_FLUSH_ALL_OPEN,FALSE,-0.953,TRUE,FALSE,150,1,25.967,26.859,29.726,29.66,29.837,29.762,28.232,27.91,28.173,26.914,,26.02,26.026,25.866,25.882,25.987,25.417,29.257,37.48,31.78,30.21,41.08,302.24,6.748,3.178,6.021,4.108,2.159,,
Weekend_Heatwave_June2026,WHJ2026,343,2026-06-29T00:08:55,2026-06-28T22:08:55.636Z,2408.93,DAY_2_CONTROLLED,HEATWAVE_RULE_BASED,ALL_OPEN,OPEN,OPEN,OPEN,OPEN,FALSE,NO_CHANGE_NIGHT_HEATWAVE_FLUSH_ALL_OPEN,FALSE,-0.709,TRUE,FALSE,150,1,25.944,26.836,29.693,29.627,29.811,29.736,28.199,27.887,28.071,26.836,,26.003,26.003,25.833,25.859,25.961,25.391,29.231,37.4,31.99,29.94,42.16,304.5,6.74,3.199,5.994,4.216,2.175,,
Weekend_Heatwave_June2026,WHJ2026,344,2026-06-29T00:18:55,2026-06-28T22:18:55.219Z,2418.93,DAY_2_CONTROLLED,HEATWAVE_RULE_BASED,ALL_OPEN,OPEN,OPEN,OPEN,OPEN,FALSE,NO_CHANGE_NIGHT_HEATWAVE_FLUSH_ALL_OPEN,FALSE,-0.575,TRUE,FALSE,150,1,25.908,26.8,29.66,29.591,29.778,29.703,28.156,27.845,27.989,26.777,,25.977,25.977,25.807,25.833,25.935,25.364,29.205,37.32,32.14,29.78,42.19,307.37,6.732,3.214,5.978,4.219,2.195,,
Weekend_Heatwave_June2026,WHJ2026,345,2026-06-29T00:28:55,2026-06-28T22:28:54.784Z,2428.93,DAY_2_CONTROLLED,HEATWAVE_RULE_BASED,ALL_OPEN,OPEN,OPEN,OPEN,OPEN,FALSE,NO_CHANGE_NIGHT_HEATWAVE_FLUSH_ALL_OPEN,FALSE,-0.538,TRUE,FALSE,150,1,25.882,26.773,29.634,29.559,29.736,29.66,28.097,27.802,27.969,26.76,,25.951,25.944,25.79,25.807,25.908,25.341,29.182,37.01,31.96,29.72,39.08,301.26,6.701,3.196,5.972,3.908,2.152,,
Weekend_Heatwave_June2026,WHJ2026,346,2026-06-29T00:38:55,2026-06-28T22:38:55.370Z,2438.93,DAY_2_CONTROLLED,HEATWAVE_RULE_BASED,ALL_OPEN,OPEN,OPEN,OPEN,OPEN,FALSE,NO_CHANGE_NIGHT_HEATWAVE_FLUSH_ALL_OPEN,FALSE,-0.414,TRUE,FALSE,150,1,25.849,26.741,29.601,29.526,29.65,29.618,28.045,27.76,27.963,26.754,,25.935,25.925,25.764,25.781,25.892,25.305,29.156,37.1,31.76,29.57,39.72,305.14,6.71,3.176,5.957,3.972,2.18,,
Weekend_Heatwave_June2026,WHJ2026,347,2026-06-29T00:48:55,2026-06-28T22:48:54.933Z,2448.93,DAY_2_CONTROLLED,HEATWAVE_RULE_BASED,ALL_OPEN,OPEN,OPEN,OPEN,OPEN,FALSE,NO_CHANGE_NIGHT_HEATWAVE_FLUSH_ALL_OPEN,FALSE,-0.331,TRUE,FALSE,150,1,25.823,26.714,29.568,29.5,29.257,29.398,28.022,27.717,28.114,26.872,,25.908,25.902,25.738,25.758,25.866,25.273,29.129,36.99,31.57,29.46,38.8,303.93,6.699,3.157,5.946,3.88,2.171,,
Weekend_Heatwave_June2026,WHJ2026,348,2026-06-29T00:58:55,2026-06-28T22:58:55.510Z,2458.93,DAY_2_CONTROLLED,HEATWAVE_RULE_BASED,ALL_OPEN,OPEN,OPEN,OPEN,OPEN,FALSE,NO_CHANGE_NIGHT_HEATWAVE_FLUSH_ALL_OPEN,FALSE,-0.277,TRUE,FALSE,150,1,25.79,26.682,29.526,29.457,29.467,29.398,27.979,27.684,28.104,26.803,,25.882,25.876,25.715,25.731,25.833,25.24,29.103,36.9,31.19,29.38,38.66,303.88,6.69,3.119,5.938,3.866,2.171,,
Weekend_Heatwave_June2026,WHJ2026,349,2026-06-29T01:08:55,2026-06-28T23:08:55.080Z,2468.93,DAY_2_CONTROLLED,HEATWAVE_RULE_BASED,ALL_OPEN,OPEN,OPEN,OPEN,OPEN,FALSE,NO_CHANGE_NIGHT_HEATWAVE_FLUSH_ALL_OPEN,FALSE,0.42,TRUE,FALSE,150,1,25.764,26.649,29.483,29.414,29.559,29.467,27.979,27.668,27.93,26.61,,25.859,25.849,25.679,25.705,25.807,25.214,29.07,36.83,32.01,28.65,50.13,300,6.683,3.201,5.865,5.013,2.143,,
Weekend_Heatwave_June2026,WHJ2026,350,2026-06-29T01:18:55,2026-06-28T23:18:55.654Z,2478.93,DAY_2_CONTROLLED,HEATWAVE_RULE_BASED,ALL_OPEN,OPEN,OPEN,OPEN,OPEN,FALSE,NO_CHANGE_NIGHT_HEATWAVE_FLUSH_ALL_OPEN,FALSE,2.874,TRUE,TRUE,150,1,25.731,26.623,29.45,29.382,29.509,29.398,27.946,27.652,27.684,26.325,,25.833,25.823,25.663,25.679,25.781,25.204,29.044,36.82,33.22,26.17,64.14,318.45,6.682,3.322,5.617,6.414,2.275,,
Weekend_Heatwave_June2026,WHJ2026,351,2026-06-29T01:28:55,2026-06-28T23:28:55.435Z,2488.93,DAY_2_CONTROLLED,HEATWAVE_RULE_BASED,ALL_OPEN,OPEN,OPEN,OPEN,OPEN,FALSE,NO_CHANGE_NIGHT_HEATWAVE_FLUSH_ALL_OPEN,FALSE,3.945,TRUE,TRUE,150,1,25.695,26.587,29.424,29.339,29.473,29.424,27.904,27.619,27.265,25.905,,25.807,25.8,25.636,25.663,25.764,25.197,29.025,36.81,34.81,25.08,74.3,293.07,6.681,3.481,5.508,7.43,2.093,,
Weekend_Heatwave_June2026,WHJ2026,352,2026-06-29T01:38:55,2026-06-28T23:38:54.802Z,2498.93,DAY_2_CONTROLLED,HEATWAVE_RULE_BASED,ALL_OPEN,OPEN,OPEN,OPEN,OPEN,FALSE,NO_CHANGE_NIGHT_HEATWAVE_FLUSH_ALL_OPEN,FALSE,4.048,TRUE,TRUE,150,1,25.672,26.554,29.398,29.306,29.441,29.398,27.786,27.534,27.058,25.695,,25.781,25.781,25.62,25.646,25.738,25.187,28.998,36.75,35.8,24.95,74.59,301.3,6.675,3.58,5.495,7.459,2.152,,
Weekend_Heatwave_June2026,WHJ2026,353,2026-06-29T01:48:55,2026-06-28T23:48:55.389Z,2508.93,DAY_2_CONTROLLED,HEATWAVE_RULE_BASED,ALL_OPEN,OPEN,OPEN,OPEN,OPEN,FALSE,NO_CHANGE_NIGHT_HEATWAVE_FLUSH_ALL_OPEN,FALSE,5.162,TRUE,TRUE,150,1,25.646,26.521,29.365,29.28,29.391,29.355,27.668,27.425,26.878,25.627,,25.758,25.758,25.604,25.62,25.715,25.171,28.982,36.69,36.38,23.82,78.52,303.52,6.669,3.638,5.382,7.852,2.168,,
Weekend_Heatwave_June2026,WHJ2026,354,2026-06-29T01:58:55,2026-06-28T23:58:54.964Z,2518.93,DAY_2_CONTROLLED,HEATWAVE_RULE_BASED,ALL_OPEN,OPEN,OPEN,OPEN,OPEN,FALSE,NO_CHANGE_NIGHT_HEATWAVE_FLUSH_ALL_OPEN,FALSE,4.566,TRUE,TRUE,150,1,25.613,26.485,29.355,29.264,29.172,29.103,27.576,27.308,26.921,25.643,,25.731,25.731,25.577,25.604,25.695,25.135,28.956,36.66,36.48,24.39,67.41,299.55,6.666,3.648,5.439,6.741,2.14,,
Weekend_Heatwave_June2026,WHJ2026,355,2026-06-29T02:08:55,2026-06-29T00:08:55.549Z,2528.93,DAY_2_CONTROLLED,HEATWAVE_RULE_BASED,ALL_OPEN,OPEN,OPEN,OPEN,OPEN,FALSE,NO_CHANGE_NIGHT_HEATWAVE_FLUSH_ALL_OPEN,FALSE,4.269,TRUE,TRUE,150,1,25.577,26.452,29.316,29.221,29.113,29.12,27.468,27.216,26.957,25.712,,25.705,25.705,25.551,25.577,25.672,25.102,28.939,36.48,36.35,24.67,67.66,301.47,6.648,3.635,5.467,6.766,2.153,,
Weekend_Heatwave_June2026,WHJ2026,356,2026-06-29T02:18:55,2026-06-29T00:18:55.119Z,2538.93,DAY_2_CONTROLLED,HEATWAVE_RULE_BASED,ALL_OPEN,OPEN,OPEN,OPEN,OPEN,FALSE,NO_CHANGE_NIGHT_HEATWAVE_FLUSH_ALL_OPEN,FALSE,4.197,TRUE,TRUE,150,1,25.545,26.426,29.274,29.188,28.726,28.182,27.416,27.137,27.121,26.059,,25.689,25.679,25.528,25.551,25.646,25.043,28.907,36.29,35.5,24.71,61.7,298.99,6.629,3.55,5.471,6.17,2.136,,
Weekend_Heatwave_June2026,WHJ2026,357,2026-06-29T02:28:55,2026-06-29T00:28:55.701Z,2548.93,DAY_2_CONTROLLED,HEATWAVE_RULE_BASED,ALL_OPEN,OPEN,OPEN,OPEN,OPEN,FALSE,NO_CHANGE_NIGHT_HEATWAVE_FLUSH_ALL_OPEN,FALSE,4.041,TRUE,TRUE,150,1,25.502,26.383,29.215,29.139,28.736,28.241,27.314,27.068,27.127,25.938,,25.656,25.646,25.492,25.518,25.62,24.991,28.871,36.09,34.89,24.83,58.14,301.26,6.609,3.489,5.483,5.814,2.152,,
Weekend_Heatwave_June2026,WHJ2026,358,2026-06-29T02:38:55,2026-06-29T00:38:55.268Z,2558.93,DAY_2_CONTROLLED,HEATWAVE_RULE_BASED,ALL_OPEN,OPEN,OPEN,OPEN,OPEN,FALSE,NO_CHANGE_NIGHT_HEATWAVE_FLUSH_ALL_OPEN,FALSE,3.788,TRUE,TRUE,150,1,25.459,26.351,29.146,29.061,29.061,28.71,27.222,27.009,27.016,25.735,,25.62,25.613,25.459,25.486,25.587,24.932,28.838,35.59,34.32,25.05,58.63,303.99,6.559,3.432,5.505,5.863,2.171,,
Weekend_Heatwave_June2026,WHJ2026,359,2026-06-29T02:48:55,2026-06-29T00:48:54.846Z,2568.93,DAY_2_CONTROLLED,HEATWAVE_RULE_BASED,ALL_OPEN,OPEN,OPEN,OPEN,OPEN,FALSE,NO_CHANGE_NIGHT_HEATWAVE_FLUSH_ALL_OPEN,FALSE,4.715,TRUE,TRUE,150,1,25.427,26.318,29.103,29.008,29.093,28.88,27.137,26.947,26.619,25.384,,25.587,25.577,25.417,25.443,25.545,24.889,28.795,35.8,35.11,24.08,67.01,298.95,6.58,3.511,5.408,6.701,2.135,,
Weekend_Heatwave_June2026,WHJ2026,360,2026-06-29T02:58:55,2026-06-29T00:58:55.422Z,2578.93,DAY_2_CONTROLLED,HEATWAVE_RULE_BASED,ALL_OPEN,OPEN,OPEN,OPEN,OPEN,FALSE,NO_CHANGE_NIGHT_HEATWAVE_FLUSH_ALL_OPEN,FALSE,4.433,TRUE,TRUE,150,1,25.384,26.282,29.07,28.966,29.025,28.871,27.042,26.852,26.501,25.348,,25.551,25.535,25.374,25.4,25.509,24.84,28.753,35.61,34.9,24.32,59.94,310.91,6.561,3.49,5.432,5.994,2.221,,
Weekend_Heatwave_June2026,WHJ2026,361,2026-06-29T03:08:55,2026-06-29T01:08:54.998Z,2588.93,DAY_2_CONTROLLED,HEATWAVE_RULE_BASED,ALL_OPEN,OPEN,OPEN,OPEN,OPEN,FALSE,NO_CHANGE_NIGHT_HEATWAVE_FLUSH_ALL_OPEN,FALSE,4.35,TRUE,TRUE,150,1,25.341,26.249,29.025,28.923,28.982,28.854,26.941,26.76,26.485,25.256,,25.518,25.492,25.332,25.358,25.469,24.781,28.71,35.44,34.56,24.36,61.57,304.5,6.544,3.456,5.436,6.157,2.175,,
Weekend_Heatwave_June2026,WHJ2026,362,2026-06-29T03:18:55,2026-06-29T01:18:55.583Z,2598.93,DAY_2_CONTROLLED,HEATWAVE_RULE_BASED,ALL_OPEN,OPEN,OPEN,OPEN,OPEN,FALSE,NO_CHANGE_NIGHT_HEATWAVE_FLUSH_ALL_OPEN,FALSE,4.427,TRUE,TRUE,150,1,25.299,26.216,28.982,28.887,28.982,28.838,26.862,26.685,26.315,25.132,,25.476,25.459,25.289,25.315,25.427,24.729,28.667,34.99,34.89,24.24,63.14,305.4,6.499,3.489,5.424,6.314,2.181,,
Weekend_Heatwave_June2026,WHJ2026,363,2026-06-29T03:28:55,2026-06-29T01:28:55.700Z,2608.93,DAY_2_CONTROLLED,HEATWAVE_RULE_BASED,ALL_OPEN,OPEN,OPEN,OPEN,OPEN,FALSE,NO_CHANGE_NIGHT_HEATWAVE_FLUSH_ALL_OPEN,FALSE,4.415,TRUE,TRUE,150,1,25.256,26.18,28.956,28.854,28.939,28.812,26.793,26.61,26.239,25.096,,25.433,25.417,25.246,25.273,25.391,24.68,28.625,35.11,35.12,24.21,64.12,308.56,6.511,3.512,5.421,6.412,2.204,,
Weekend_Heatwave_June2026,WHJ2026,364,2026-06-29T03:38:55,2026-06-29T01:38:55.739Z,2618.93,DAY_2_CONTROLLED,HEATWAVE_RULE_BASED,ALL_OPEN,OPEN,OPEN,OPEN,OPEN,FALSE,NO_CHANGE_NIGHT_HEATWAVE_FLUSH_ALL_OPEN,FALSE,4.415,TRUE,TRUE,150,1,25.204,26.138,28.913,28.812,28.913,28.785,26.711,26.534,26.207,25.047,,25.4,25.374,25.214,25.24,25.341,24.627,28.585,34.95,35.28,24.17,63.54,307.54,6.495,3.528,5.417,6.354,2.197,,
Weekend_Heatwave_June2026,WHJ2026,365,2026-06-29T03:48:55,2026-06-29T01:48:55.314Z,2628.93,DAY_2_CONTROLLED,HEATWAVE_RULE_BASED,ALL_OPEN,OPEN,OPEN,OPEN,OPEN,FALSE,NO_CHANGE_NIGHT_HEATWAVE_FLUSH_ALL_OPEN,FALSE,4.413,TRUE,TRUE,150,1,25.161,26.095,28.88,28.779,28.871,28.753,26.642,26.465,26.128,25.02,,25.358,25.332,25.161,25.187,25.305,24.568,28.543,34.79,35.28,24.13,63.26,310.16,6.479,3.528,5.413,6.326,2.215,,
Weekend_Heatwave_June2026,WHJ2026,366,2026-06-29T03:58:55,2026-06-29T01:58:54.893Z,2638.93,DAY_2_CONTROLLED,HEATWAVE_RULE_BASED,ALL_OPEN,OPEN,OPEN,OPEN,OPEN,FALSE,NO_CHANGE_NIGHT_HEATWAVE_FLUSH_ALL_OPEN,FALSE,4.22,TRUE,TRUE,150,1,25.119,26.062,28.844,28.743,28.838,28.71,26.583,26.4,26.138,25.014,,25.315,25.289,25.119,25.155,25.263,24.516,28.5,34.59,35.45,24.28,61.98,308.65,6.459,3.545,5.428,6.198,2.205,,
Weekend_Heatwave_June2026,WHJ2026,367,2026-06-29T04:08:55,2026-06-29T02:08:55.455Z,2648.93,DAY_2_CONTROLLED,HEATWAVE_RULE_BASED,ALL_OPEN,OPEN,OPEN,OPEN,OPEN,FALSE,NO_CHANGE_NIGHT_HEATWAVE_FLUSH_ALL_OPEN,FALSE,4.118,TRUE,TRUE,150,1,25.07,26.026,28.802,28.71,28.795,28.684,26.518,26.341,26.085,25.02,,25.273,25.256,25.076,25.102,25.22,24.467,28.458,34.42,35.45,24.34,61.5,309.89,6.442,3.545,5.434,6.15,2.213,,
Weekend_Heatwave_June2026,WHJ2026,368,2026-06-29T04:18:55,2026-06-29T02:18:55.033Z,2658.93,DAY_2_CONTROLLED,HEATWAVE_RULE_BASED,ALL_OPEN,OPEN,OPEN,OPEN,OPEN,FALSE,NO_CHANGE_NIGHT_HEATWAVE_FLUSH_ALL_OPEN,FALSE,4.065,TRUE,TRUE,150,1,25.027,25.987,28.759,28.677,28.759,28.651,26.465,26.292,26.069,24.981,,25.24,25.204,25.033,25.06,25.178,24.417,28.415,34.26,35.66,24.35,61.58,308.46,6.426,3.566,5.435,6.158,2.203,,
Weekend_Heatwave_June2026,WHJ2026,369,2026-06-29T04:28:55,2026-06-29T02:28:55.607Z,2668.93,DAY_2_CONTROLLED,HEATWAVE_RULE_BASED,ALL_OPEN,OPEN,OPEN,OPEN,OPEN,FALSE,NO_CHANGE_NIGHT_HEATWAVE_FLUSH_ALL_OPEN,FALSE,3.989,TRUE,TRUE,150,1,24.975,25.951,28.72,28.635,28.736,28.608,26.416,26.239,26.049,24.971,,25.197,25.171,24.991,25.017,25.135,24.365,28.369,34.11,35.68,24.38,60.64,307.99,6.411,3.568,5.438,6.064,2.2,,
Weekend_Heatwave_June2026,WHJ2026,370,2026-06-29T04:38:55,2026-06-29T02:38:55.183Z,2678.93,DAY_2_CONTROLLED,HEATWAVE_RULE_BASED,ALL_OPEN,OPEN,OPEN,OPEN,OPEN,FALSE,NO_CHANGE_NIGHT_HEATWAVE_FLUSH_ALL_OPEN,FALSE,3.907,TRUE,TRUE,150,1,24.932,25.908,28.694,28.602,28.684,28.576,26.374,26.197,26.043,24.981,,25.155,25.129,24.948,24.975,25.096,24.322,28.327,33.95,35.79,24.42,58.02,307.71,6.395,3.579,5.442,5.802,2.198,,
Weekend_Heatwave_June2026,WHJ2026,371,2026-06-29T04:48:55,2026-06-29T02:48:55.766Z,2688.93,DAY_2_CONTROLLED,HEATWAVE_RULE_BASED,ALL_OPEN,OPEN,OPEN,OPEN,OPEN,FALSE,NO_CHANGE_NIGHT_HEATWAVE_FLUSH_ALL_OPEN,FALSE,3.904,TRUE,TRUE,150,1,24.883,25.876,28.651,28.566,28.661,28.543,26.331,26.144,26.016,24.938,,25.112,25.086,24.909,24.942,25.06,24.273,28.284,33.83,35.81,24.38,59.6,308.37,6.383,3.581,5.438,5.96,2.203,,
Weekend_Heatwave_June2026,WHJ2026,372,2026-06-29T04:58:55,2026-06-29T02:58:55.339Z,2698.93,DAY_2_CONTROLLED,HEATWAVE_RULE_BASED,ALL_OPEN,OPEN,OPEN,OPEN,OPEN,FALSE,NO_CHANGE_NIGHT_HEATWAVE_FLUSH_ALL_OPEN,FALSE,3.581,TRUE,TRUE,150,1,24.84,25.833,28.618,28.533,28.608,28.49,26.292,26.102,26.043,24.981,,25.07,25.043,24.866,24.889,25.011,24.221,28.241,33.66,35.45,24.66,55.6,306.49,6.366,3.545,5.466,5.56,2.189,,
Weekend_Heatwave_June2026,WHJ2026,373,2026-06-29T05:08:55,2026-06-29T03:08:54.926Z,2708.93,DAY_2_CONTROLLED,HEATWAVE_RULE_BASED,ALL_OPEN,OPEN,OPEN,OPEN,OPEN,FALSE,NO_CHANGE_NIGHT_HEATWAVE_FLUSH_ALL_OPEN,FALSE,4.169,TRUE,TRUE,150,1,24.788,25.79,28.576,28.49,28.585,28.464,26.256,26.069,26.016,24.922,,25.027,25.011,24.824,24.847,24.968,24.178,28.199,33.52,35.74,24.03,60.67,305.87,6.352,3.574,5.403,6.067,2.185,,
Weekend_Heatwave_June2026,WHJ2026,374,2026-06-29T05:18:55,2026-06-29T03:18:55.494Z,2718.93,DAY_2_CONTROLLED,HEATWAVE_RULE_BASED,ALL_OPEN,OPEN,OPEN,OPEN,OPEN,FALSE,NO_CHANGE_NIGHT_HEATWAVE_FLUSH_ALL_OPEN,FALSE,3.086,TRUE,TRUE,150,1,24.745,25.758,28.533,28.448,28.51,28.415,26.233,26.033,26.197,25.132,,24.984,24.968,24.781,24.804,24.932,24.129,28.156,33.35,35.48,25.07,54.67,302.86,6.335,3.548,5.507,5.467,2.163,,
Weekend_Heatwave_June2026,WHJ2026,375,2026-06-29T05:28:55,2026-06-29T03:28:55.075Z,2728.93,DAY_2_CONTROLLED,HEATWAVE_RULE_BASED,ALL_OPEN,OPEN,OPEN,OPEN,OPEN,FALSE,NO_CHANGE_NIGHT_HEATWAVE_FLUSH_ALL_OPEN,FALSE,2.734,TRUE,TRUE,150,1,24.696,25.722,28.5,28.415,28.49,28.395,26.239,26.026,26.315,25.207,,24.942,24.925,24.739,24.762,24.889,24.087,28.114,33.23,35.85,25.38,54.08,301.68,6.323,3.585,5.538,5.408,2.155,,
Weekend_Heatwave_June2026,WHJ2026,376,2026-06-29T05:38:55,2026-06-29T03:38:55.747Z,2738.93,DAY_2_CONTROLLED,HEATWAVE_RULE_BASED,ALL_OPEN,OPEN,OPEN,OPEN,OPEN,FALSE,NO_CHANGE_NIGHT_HEATWAVE_FLUSH_ALL_OPEN,FALSE,2.661,TRUE,TRUE,150,1,24.653,25.679,28.458,28.379,28.438,28.353,26.233,26.026,26.325,25.224,,24.909,24.889,24.696,24.729,24.847,24.054,28.071,33.16,36.12,25.41,55.43,303.29,6.316,3.612,5.541,5.543,2.166,,
Weekend_Heatwave_June2026,WHJ2026,377,2026-06-29T05:48:55,2026-06-29T03:48:55.216Z,2748.93,DAY_2_CONTROLLED,HEATWAVE_RULE_BASED,ALL_OPEN,OPEN,OPEN,OPEN,OPEN,FALSE,NO_CHANGE_NIGHT_HEATWAVE_FLUSH_ALL_OPEN,FALSE,2.468,TRUE,TRUE,150,1,24.617,25.636,28.422,28.336,28.415,28.32,26.249,26.026,26.383,25.289,,24.866,24.847,24.66,24.686,24.814,24.028,28.038,33.07,36.33,25.57,56.05,307.02,6.307,3.633,5.557,5.605,2.193,,
Weekend_Heatwave_June2026,WHJ2026,378,2026-06-29T05:58:55,2026-06-29T03:58:55.795Z,2758.93,DAY_2_CONTROLLED,HEATWAVE_RULE_BASED,ALL_OPEN,OPEN,OPEN,OPEN,OPEN,FALSE,NO_CHANGE_NIGHT_HEATWAVE_FLUSH_ALL_OPEN,FALSE,2.175,TRUE,TRUE,150,1,24.568,25.604,28.389,28.31,28.353,28.268,26.256,26.026,26.459,25.348,,24.83,24.814,24.627,24.653,24.781,23.995,28.005,33.02,36.6,25.83,56.24,314.42,6.302,3.66,5.583,5.624,2.246,,
Weekend_Heatwave_June2026,WHJ2026,379,2026-06-29T06:08:55,2026-06-29T04:08:55.369Z,2768.93,DAY_2_CONTROLLED,HEATWAVE_RULE_BASED,ALL_OPEN,OPEN,OPEN,OPEN,OPEN,FALSE,NO_CHANGE_NIGHT_HEATWAVE_FLUSH_ALL_OPEN,FALSE,2.289,TRUE,TRUE,150,1,24.535,25.571,28.353,28.274,28.268,28.163,26.292,26.043,26.465,25.358,,24.788,24.788,24.594,24.627,24.739,23.969,27.969,32.96,36.85,25.68,57.77,309.57,6.296,3.685,5.568,5.777,2.211,,
Weekend_Heatwave_June2026,WHJ2026,380,2026-06-29T06:18:55,2026-06-29T04:18:54.955Z,2778.93,DAY_2_CONTROLLED,HEATWAVE_RULE_BASED,ALL_OPEN,OPEN,OPEN,OPEN,OPEN,FALSE,NO_CHANGE_NIGHT_HEATWAVE_FLUSH_ALL_OPEN,FALSE,2.567,TRUE,TRUE,150,1,24.499,25.528,28.32,28.241,28.205,28.123,26.298,26.049,26.492,25.348,,24.755,24.755,24.558,24.594,24.712,23.942,27.937,32.94,37.13,25.37,59.92,309.39,6.294,3.713,5.537,5.992,2.21,,
Weekend_Heatwave_June2026,WHJ2026,381,2026-06-29T06:28:55,2026-06-29T04:28:55.525Z,2788.93,DAY_2_CONTROLLED,HEATWAVE_RULE_BASED,ALL_OPEN,OPEN,OPEN,OPEN,OPEN,FALSE,NO_CHANGE_NIGHT_HEATWAVE_FLUSH_ALL_OPEN,FALSE,2.71,TRUE,TRUE,150,1,24.467,25.492,28.284,28.205,28.241,28.114,26.298,26.059,26.465,25.332,,24.722,24.722,24.535,24.558,24.68,23.916,27.91,32.9,37.59,25.2,61.85,314.01,6.29,3.759,5.52,6.185,2.243,,
Weekend_Heatwave_June2026,WHJ2026,382,2026-06-29T06:38:55,2026-06-29T04:38:55.115Z,2798.93,DAY_2_CONTROLLED,HEATWAVE_RULE_BASED,ALL_OPEN,OPEN,OPEN,OPEN,OPEN,FALSE,NO_CHANGE_NIGHT_HEATWAVE_FLUSH_ALL_OPEN,FALSE,2.778,TRUE,TRUE,150,1,24.434,25.45,28.258,28.173,28.225,28.114,26.308,26.059,26.465,25.315,,24.686,24.696,24.499,24.535,24.653,23.9,27.878,32.83,38.05,25.1,63.06,318.09,6.283,3.805,5.51,6.306,2.272,,
Weekend_Heatwave_June2026,WHJ2026,383,2026-06-29T06:48:55,2026-06-29T04:48:55.690Z,2808.93,DAY_2_CONTROLLED,HEATWAVE_RULE_BASED,ALL_OPEN,OPEN,OPEN,OPEN,OPEN,FALSE,NO_CHANGE_NIGHT_HEATWAVE_FLUSH_ALL_OPEN,FALSE,2.915,TRUE,TRUE,150,1,24.398,25.417,28.232,28.146,28.123,28.055,26.315,26.059,26.433,25.289,,24.653,24.66,24.476,24.509,24.617,23.883,27.855,32.79,38.26,24.94,65.62,319.71,6.279,3.826,5.494,6.562,2.284,,
Weekend_Heatwave_June2026,WHJ2026,384,2026-06-29T06:58:55,2026-06-29T04:58:55.267Z,2818.93,DAY_2_CONTROLLED,HEATWAVE_RULE_BASED,ALL_OPEN,OPEN,OPEN,OPEN,OPEN,FALSE,NO_CHANGE_NIGHT_HEATWAVE_FLUSH_ALL_OPEN,FALSE,3.169,TRUE,TRUE,150,1,24.365,25.384,28.199,28.114,28.097,27.979,26.325,26.059,26.449,25.273,,24.627,24.637,24.45,24.476,24.585,23.867,27.829,32.76,38.86,24.66,67.7,323.24,6.276,3.886,5.466,6.77,2.309,,
Weekend_Heatwave_June2026,WHJ2026,385,2026-06-29T07:08:55,2026-06-29T05:08:54.843Z,2828.93,DAY_2_CONTROLLED,HEATWAVE_RULE_BASED,ALL_OPEN,OPEN,OPEN,OPEN,OPEN,FALSE,NO_CHANGE_NIGHT_HEATWAVE_FLUSH_ALL_OPEN,FALSE,3.092,TRUE,TRUE,150,1,24.339,25.341,28.173,28.087,28.123,28.028,26.325,26.059,26.465,25.309,,24.594,24.611,24.424,24.457,24.568,23.851,27.812,32.7,39.14,24.72,68,330.18,6.27,3.914,5.472,6.8,2.358,,
Weekend_Heatwave_June2026,WHJ2026,386,2026-06-29T07:18:55,2026-06-29T05:18:55.422Z,2838.93,DAY_2_CONTROLLED,HEATWAVE_RULE_BASED,ALL_OPEN,OPEN,OPEN,OPEN,OPEN,FALSE,NO_CHANGE_NIGHT_HEATWAVE_FLUSH_ALL_OPEN,FALSE,3.426,TRUE,TRUE,150,1,24.316,25.305,28.146,28.064,28.081,27.979,26.331,26.059,26.426,25.25,,24.568,24.585,24.398,24.434,24.535,23.834,27.776,32.68,39.14,24.35,69.7,298.63,6.268,3.914,5.435,6.97,2.133,,
Weekend_Heatwave_June2026,WHJ2026,387,2026-06-29T07:28:55,2026-06-29T05:28:55.005Z,2848.93,DAY_2_CONTROLLED,HEATWAVE_RULE_BASED,ALL_OPEN,OPEN,OPEN,OPEN,OPEN,FALSE,NO_CHANGE_NIGHT_HEATWAVE_FLUSH_ALL_OPEN,FALSE,3.6,TRUE,TRUE,150,1,24.28,25.273,28.123,28.038,28.064,27.904,26.315,26.043,26.374,25.174,,24.542,24.568,24.381,24.417,24.516,23.818,27.76,32.37,39.58,24.16,70.64,298.16,6.237,3.958,5.416,7.064,2.13,,
Weekend_Heatwave_June2026,WHJ2026,388,2026-06-29T07:38:55,2026-06-29T05:38:55.578Z,2858.93,DAY_2_CONTROLLED,HEATWAVE_RULE_BASED,ALL_OPEN,OPEN,OPEN,OPEN,OPEN,FALSE,NO_CHANGE_NIGHT_HEATWAVE_FLUSH_ALL_OPEN,FALSE,3.437,TRUE,TRUE,150,1,24.257,25.24,28.097,28.012,28.045,27.93,26.292,26.026,26.406,25.224,,24.516,24.542,24.355,24.381,24.493,23.798,27.737,32.56,39.46,24.3,69.6,300.38,6.256,3.946,5.43,6.96,2.146,,
Weekend_Heatwave_June2026,WHJ2026,389,2026-06-29T07:48:55,2026-06-29T05:48:55.159Z,2868.93,DAY_2_CONTROLLED,HEATWAVE_RULE_BASED,ALL_OPEN,OPEN,OPEN,OPEN,OPEN,FALSE,NO_CHANGE_NIGHT_HEATWAVE_FLUSH_ALL_OPEN,FALSE,3.251,TRUE,TRUE,150,1,24.231,25.204,28.071,27.989,28.028,27.861,26.292,26,26.459,25.224,,24.483,24.516,24.332,24.365,24.467,23.775,27.711,32.5,39.81,24.46,68.56,302.17,6.25,3.981,5.446,6.856,2.158,,
Weekend_Heatwave_June2026,WHJ2026,390,2026-06-29T07:58:55,2026-06-29T05:58:55.739Z,2878.93,DAY_2_CONTROLLED,HEATWAVE_RULE_BASED,ALL_OPEN,OPEN,OPEN,OPEN,OPEN,FALSE,NO_CHANGE_NIGHT_HEATWAVE_FLUSH_ALL_OPEN,FALSE,3.354,TRUE,TRUE,150,1,24.198,25.171,28.055,27.963,28.022,27.835,26.272,25.98,26.374,25.181,,24.457,24.493,24.306,24.349,24.45,23.749,27.684,32.46,39.51,24.33,63.76,332.21,6.246,3.951,5.433,6.376,2.373,,
Weekend_Heatwave_June2026,WHJ2026,391,2026-06-29T08:09:04,2026-06-29T06:08:55.322Z,2889.07,END,SAFE_END,ALL_CLOSED,CLOSED,CLOSED,CLOSED,CLOSED,TRUE,EXPERIMENT_END_SAFE_CLOSE,TRUE,3.741,TRUE,TRUE,150,1,24.172,25.135,28.028,27.937,27.979,27.753,26.266,25.974,26.292,25.122,,24.434,24.476,24.28,24.316,24.424,23.733,27.661,32.38,39.4,23.92,66.12,329.99,6.238,3.94,5.392,6.612,2.357,,
